OrderID,OrderDate,Category,Condition,Seller,ListPricePerUnit,PurchasePricePerUnit,Quantity,ShipDate,Carrier,ItemSubtotal,Tax,ItemTotal,OrderYear,OrderMonth,OrderDay,OrderDayIndex,OrderDayName
1,2008-02-19,Books,Unknown,Amazon,29.99,19.79,1,2008-02-25,USPS,19.79,0.0,19.79,2008,2,19,1,Tuesday
2,2008-02-19,Books,Unknown,Amazon,27.95,18.45,1,2008-02-25,USPS,18.45,0.0,18.45,2008,2,19,1,Tuesday
3,2008-06-03,Books,Unknown,Amazon,34.99,23.09,1,2008-06-04,UPS,23.09,0.0,23.09,2008,6,3,1,Tuesday
4,2008-11-06,Health & Beauty,Unknown,Third Party,6.99,9.39,1,2008-11-07,USPS,9.39,0.0,9.39,2008,11,6,3,Thursday
5,2008-11-06,Health & Beauty,Unknown,Third Party,10.99,7.99,1,2008-11-07,USPS,7.99,0.0,7.99,2008,11,6,3,Thursday
6,2008-11-06,Health & Beauty,Unknown,Third Party,6.99,5.49,1,2008-11-07,USPS,5.49,0.0,5.49,2008,11,6,3,Thursday
7,2008-11-06,Unknown,Unknown,Third Party,6.99,6.99,1,2008-11-07,USPS,6.99,0.0,6.99,2008,11,6,3,Thursday
8,2008-12-13,Books,Unknown,Amazon,16.95,10.33,1,2008-12-14,USPS,10.33,0.0,10.33,2008,12,13,5,Saturday
9,2008-12-13,Books,Unknown,Amazon,23.95,15.57,1,2008-12-14,USPS,15.57,0.0,15.57,2008,12,13,5,Saturday
10,2009-07-18,Health & Beauty,New,Third Party,15.99,8.99,3,2009-07-19,USPS,26.97,0.0,26.97,2009,7,18,5,Saturday
11,2009-08-14,Sports & Outdoor,New,Amazon,99.99,79.99,1,2009-08-16,FedEx,79.99,0.0,79.99,2009,8,14,4,Friday
12,2009-09-17,Books,New,Amazon,24.95,16.47,1,2009-09-17,UPS,16.47,0.0,16.47,2009,9,17,3,Thursday
13,2009-09-18,Books,New,Amazon,22.0,12.87,1,2009-09-21,UPS,12.87,0.0,12.87,2009,9,18,4,Friday
14,2009-09-18,Books,New,Amazon,25.0,16.5,1,2009-09-21,UPS,16.5,0.0,16.5,2009,9,18,4,Friday
15,2009-11-05,Unknown,New,Amazon,37.95,32.53,1,2009-11-06,USPS,32.53,0.0,32.53,2009,11,5,3,Thursday
16,2009-11-18,Books,New,Amazon,16.95,13.68,1,2009-11-18,UPS,13.68,0.0,13.68,2009,11,18,2,Wednesday
17,2009-11-19,Books,New,Third Party,19.74,19.74,1,2009-11-20,UPS Mail Innovations,19.74,0.0,19.74,2009,11,19,3,Thursday
18,2009-11-20,Computer,New,Amazon,47.99,29.24,1,2009-11-20,USPS,29.24,0.0,29.24,2009,11,20,4,Friday
19,2009-11-20,Unknown,New,Third Party,16.95,16.95,1,2009-11-20,UPS,16.95,0.0,16.95,2009,11,20,4,Friday
20,2009-12-15,Books,New,Amazon,29.95,19.77,1,2009-12-16,UPS,19.77,0.0,19.77,2009,12,15,1,Tuesday
21,2009-12-15,Books,New,Amazon,36.95,24.39,1,2009-12-16,UPS,24.39,0.0,24.39,2009,12,15,1,Tuesday
22,2009-12-21,Unknown,New,Third Party,37.77,37.77,1,2009-12-21,UPS,37.77,0.0,37.77,2009,12,21,0,Monday
23,2009-12-28,Computer,New,Amazon,19.99,19.99,1,2009-12-29,UPS,19.99,0.0,19.99,2009,12,28,0,Monday
24,2009-12-30,Computer,New,Third Party,99.99,89.99,1,2009-12-30,Other,89.99,0.0,89.99,2009,12,30,2,Wednesday
25,2010-01-27,Books,New,Amazon,15.0,12.82,1,2010-01-29,USPS,12.82,0.0,12.82,2010,1,27,2,Wednesday
26,2010-01-27,Books,New,Amazon,19.95,13.57,1,2010-01-29,USPS,13.57,0.0,13.57,2010,1,27,2,Wednesday
27,2010-02-11,Health & Beauty,New,Third Party,10.19,11.41,1,2010-02-12,USPS,11.41,0.0,11.41,2010,2,11,3,Thursday
28,2010-02-11,Health & Beauty,New,Third Party,6.95,9.39,1,2010-02-13,USPS,9.39,0.0,9.39,2010,2,11,3,Thursday
29,2010-02-11,Health & Beauty,New,Third Party,8.39,7.99,2,2010-02-13,USPS,15.98,0.0,15.98,2010,2,11,3,Thursday
30,2010-02-19,Electronics,New,Amazon,4.99,3.19,1,2010-02-21,USPS,3.19,0.0,3.19,2010,2,19,4,Friday
31,2010-02-19,Computer,New,Amazon,45.0,24.99,1,2010-02-21,USPS,24.99,0.0,24.99,2010,2,19,4,Friday
32,2010-02-21,Health & Beauty,New,Third Party,25.95,25.95,1,2010-02-24,USPS,25.95,0.0,25.95,2010,2,21,6,Sunday
33,2010-02-28,Electronics,New,Amazon,299.99,269.95,1,2010-03-03,FedEx,269.95,0.0,269.95,2010,2,28,6,Sunday
34,2010-03-02,Books,New,Amazon,80.0,50.4,1,2010-03-05,USPS,50.4,0.0,50.4,2010,3,2,1,Tuesday
35,2010-03-02,Unknown,New,Amazon,8.35,8.35,1,2010-03-05,USPS,8.35,0.0,8.35,2010,3,2,1,Tuesday
36,2010-03-26,Home,New,Amazon,15.15,5.19,1,2010-03-27,USPS,5.19,0.0,5.19,2010,3,26,4,Friday
37,2010-03-26,Health & Beauty,New,Amazon,20.67,17.74,1,2010-03-27,USPS,17.74,0.0,17.74,2010,3,26,4,Friday
38,2010-03-26,Office,New,Amazon,1.99,1.99,1,2010-03-29,USPS,1.99,0.0,1.99,2010,3,26,4,Friday
39,2010-03-26,Office,New,Amazon,1.99,1.99,1,2010-03-29,USPS,1.99,0.0,1.99,2010,3,26,4,Friday
40,2010-04-26,Computer,New,Amazon,28.99,14.99,1,2010-04-28,Other,14.99,0.0,14.99,2010,4,26,0,Monday
41,2010-04-26,Computer,New,Amazon,92.99,69.99,1,2010-04-28,Other,69.99,0.0,69.99,2010,4,26,0,Monday
42,2010-04-26,Computer,New,Amazon,3.64,3.64,1,2010-05-03,USPS,3.64,0.0,3.64,2010,4,26,0,Monday
43,2010-04-29,Computer,New,Third Party,9.69,9.69,1,2010-04-30,Other,9.69,0.0,9.69,2010,4,29,3,Thursday
44,2010-05-09,Unknown,New,Third Party,20.0,20.0,1,2010-05-17,UPS,20.0,0.0,20.0,2010,5,9,6,Sunday
45,2010-05-09,Computer,New,Amazon,7.8,7.8,1,2010-05-12,Other,7.8,0.0,7.8,2010,5,9,6,Sunday
46,2010-05-09,Grocery,New,Third Party,14.99,10.01,1,2010-05-12,Other,10.01,0.0,10.01,2010,5,9,6,Sunday
47,2010-05-09,Health & Beauty,New,Third Party,19.99,12.59,1,2010-05-12,USPS,12.59,0.0,12.59,2010,5,9,6,Sunday
48,2010-05-27,Health & Beauty,New,Amazon,38.99,29.99,1,2010-05-27,USPS,29.99,0.0,29.99,2010,5,27,3,Thursday
49,2010-05-27,Health & Beauty,New,Third Party,12.99,6.49,1,2010-05-27,USPS,6.49,0.0,6.49,2010,5,27,3,Thursday
50,2010-06-01,Health & Beauty,New,Third Party,9.99,9.99,1,2010-06-02,USPS,9.99,0.0,9.99,2010,6,1,1,Tuesday
51,2010-06-01,Health & Beauty,New,Third Party,7.99,6.45,2,2010-06-03,USPS,12.9,0.0,12.9,2010,6,1,1,Tuesday
52,2010-06-01,Computer,New,Amazon,4.86,4.86,2,2010-06-05,USPS,9.72,0.0,9.72,2010,6,1,1,Tuesday
53,2010-06-01,Home,New,Amazon,13.99,9.5,1,2010-06-06,USPS,9.5,0.0,9.5,2010,6,1,1,Tuesday
54,2010-06-23,Computer,New,Third Party,59.99,20.95,1,2010-06-23,UPS,20.95,0.0,20.95,2010,6,23,2,Wednesday
55,2010-06-26,Unknown,New,Third Party,10.95,9.99,1,2010-06-26,USPS,9.99,0.0,9.99,2010,6,26,5,Saturday
56,2010-06-26,Health & Beauty,New,Third Party,27.98,13.25,1,2010-06-30,USPS,13.25,0.0,13.25,2010,6,26,5,Saturday
57,2010-06-26,Unknown,New,Third Party,8.89,8.29,1,2010-06-26,USPS,8.29,0.0,8.29,2010,6,26,5,Saturday
58,2010-07-11,Computer,New,Amazon,99.99,89.99,1,2010-07-14,Other,89.99,0.0,89.99,2010,7,11,6,Sunday
59,2010-07-11,Health & Beauty,New,Third Party,7.99,5.76,3,2010-07-14,Other,17.28,0.0,17.28,2010,7,11,6,Sunday
60,2010-07-25,Computer,New,Amazon,4.86,4.86,1,2010-07-29,USPS,4.86,0.0,4.86,2010,7,25,6,Sunday
61,2010-07-25,Electronics,New,Third Party,16.99,13.45,1,2010-07-29,USPS,13.45,0.0,13.45,2010,7,25,6,Sunday
62,2010-07-25,Computer,New,Amazon,28.5,14.82,1,2010-07-29,USPS,14.82,0.0,14.82,2010,7,25,6,Sunday
63,2010-07-25,Computer,New,Amazon,7.8,7.8,1,2010-07-29,USPS,7.8,0.0,7.8,2010,7,25,6,Sunday
64,2010-07-29,Health & Beauty,New,Third Party,6.0,6.79,1,2010-07-29,USPS,6.79,0.0,6.79,2010,7,29,3,Thursday
65,2010-07-29,Health & Beauty,New,Third Party,8.99,8.99,1,2010-07-29,USPS,8.99,0.0,8.99,2010,7,29,3,Thursday
66,2010-07-29,Computer,New,Amazon,4.86,4.86,1,2010-08-01,Other,4.86,0.0,4.86,2010,7,29,3,Thursday
67,2010-07-29,Health & Beauty,New,Amazon,21.38,14.68,2,2010-08-01,Other,29.36,0.0,29.36,2010,7,29,3,Thursday
68,2010-07-30,Unknown,New,Third Party,10.99,2.47,1,2010-07-30,USPS,2.47,0.0,2.47,2010,7,30,4,Friday
69,2010-08-02,Unknown,New,Third Party,2.45,2.45,1,2010-08-04,UPS,2.45,0.0,2.45,2010,8,2,0,Monday
70,2010-08-04,Home,Unknown,Amazon,12.99,10.98,1,2010-08-08,Other,10.98,0.0,10.98,2010,8,4,2,Wednesday
71,2010-08-04,Books,New,Amazon,17.95,11.97,1,2010-08-08,Other,11.97,0.0,11.97,2010,8,4,2,Wednesday
72,2010-08-04,Books,New,Amazon,39.95,30.36,1,2010-08-08,Other,30.36,0.0,30.36,2010,8,4,2,Wednesday
73,2010-08-04,Unknown,New,Third Party,43.99,19.9,1,2010-08-08,Other,19.9,0.0,19.9,2010,8,4,2,Wednesday
74,2010-08-05,Computer,New,Third Party,11.99,11.99,1,2010-08-06,UPS Mail Innovations,11.99,0.0,11.99,2010,8,5,3,Thursday
75,2010-08-14,Electronics,New,Third Party,39.99,8.15,1,2010-08-15,USPS,8.15,0.0,8.15,2010,8,14,5,Saturday
76,2010-08-14,Computer,New,Third Party,38.99,18.77,1,2010-08-17,USPS,18.77,0.0,18.77,2010,8,14,5,Saturday
77,2010-08-15,Health & Beauty,New,Third Party,17.79,11.93,1,2010-08-15,UPS Mail Innovations,11.93,1.04,12.97,2010,8,15,6,Sunday
78,2010-08-30,Computer,New,Third Party,59.99,22.43,1,2010-08-31,FedEx,22.43,0.0,22.43,2010,8,30,0,Monday
79,2010-08-30,Unknown,New,Amazon,7.99,7.99,1,2010-08-31,UPS,7.99,0.0,7.99,2010,8,30,0,Monday
80,2010-08-30,Computer,New,Amazon,749.99,722.02,1,2010-08-31,UPS,722.02,0.0,722.02,2010,8,30,0,Monday
81,2010-09-11,Computer,New,Third Party,14.99,2.09,1,2010-09-13,USPS,2.09,0.0,2.09,2010,9,11,5,Saturday
82,2010-09-19,Electronics,New,Amazon,189.0,189.0,1,2010-09-23,UPS,189.0,0.0,189.0,2010,9,19,6,Sunday
83,2010-09-24,Unknown,New,Third Party,29.95,0.01,1,2010-09-24,USPS,0.01,0.0,0.01,2010,9,24,4,Friday
84,2010-09-24,Health & Beauty,New,Amazon,11.99,8.57,1,2010-09-24,UPS,8.57,0.0,8.57,2010,9,24,4,Friday
86,2010-09-24,Computer,New,Amazon,9.95,9.95,1,2010-10-06,USPS,9.95,0.0,9.95,2010,9,24,4,Friday
87,2010-09-25,Health & Beauty,New,Amazon,14.99,13.76,2,2010-09-29,UPS,27.52,0.0,27.52,2010,9,25,5,Saturday
88,2010-09-26,Books,New,Amazon,14.95,13.45,1,2010-09-27,UPS,13.45,0.0,13.45,2010,9,26,6,Sunday
89,2010-09-26,Books,New,Amazon,15.95,10.85,1,2010-09-30,USPS,10.85,0.0,10.85,2010,9,26,6,Sunday
90,2010-09-26,Books,New,Amazon,16.0,10.88,1,2010-09-30,USPS,10.88,0.0,10.88,2010,9,26,6,Sunday
91,2010-10-07,Books,Used,Third Party,30.0,7.99,1,2010-10-08,USPS,7.99,0.0,7.99,2010,10,7,3,Thursday
92,2010-10-21,Unknown,New,Third Party,3.71,3.71,1,2010-10-22,USPS,3.71,0.0,3.71,2010,10,21,3,Thursday
93,2010-10-21,Health & Beauty,New,Third Party,7.99,6.31,2,2010-10-22,USPS,12.62,0.0,12.62,2010,10,21,3,Thursday
94,2010-10-21,Health & Beauty,New,Third Party,6.99,4.59,1,2010-10-22,UPS Mail Innovations,4.59,0.4,4.99,2010,10,21,3,Thursday
95,2010-10-26,Books,New,Amazon,193.0,121.59,1,2010-10-26,USPS,121.59,0.0,121.59,2010,10,26,1,Tuesday
96,2010-10-29,Computer,New,Amazon,26.99,8.99,1,2010-10-31,USPS,8.99,0.0,8.99,2010,10,29,4,Friday
97,2010-10-29,Computer,New,Amazon,36.99,19.22,1,2010-10-31,USPS,19.22,0.0,19.22,2010,10,29,4,Friday
98,2010-10-29,Auto & Tools,New,Third Party,12.95,4.95,1,2010-10-29,USPS,4.95,0.43,5.38,2010,10,29,4,Friday
99,2010-11-02,Health & Beauty,New,Third Party,7.99,6.88,1,2010-11-03,USPS,6.88,0.6,7.48,2010,11,2,1,Tuesday
100,2010-11-11,Electronics,New,Third Party,39.99,2.2,1,2010-11-12,USPS,2.2,0.0,2.2,2010,11,11,3,Thursday
101,2010-11-18,Computer,New,Amazon,61.99,47.99,1,2010-11-22,USPS,47.99,0.0,47.99,2010,11,18,3,Thursday
102,2010-12-04,Computer,New,Amazon,6.5,6.5,1,2010-12-06,USPS,6.5,0.0,6.5,2010,12,4,5,Saturday
103,2010-12-04,Health & Beauty,New,Third Party,8.99,8.99,1,2010-12-05,USPS,8.99,0.0,8.99,2010,12,4,5,Saturday
104,2010-12-04,Home,New,Third Party,4.99,4.99,2,2010-12-05,USPS,9.98,0.0,9.98,2010,12,4,5,Saturday
105,2010-12-04,Unknown,New,Third Party,10.49,7.38,1,2010-12-06,USPS,7.38,0.0,7.38,2010,12,4,5,Saturday
106,2010-12-09,Home,New,Third Party,3.6,3.6,2,2010-12-10,USPS,7.2,0.0,7.2,2010,12,9,3,Thursday
107,2010-12-18,Unknown,New,Amazon,29.99,25.25,1,2010-12-21,UPS,25.25,0.0,25.25,2010,12,18,5,Saturday
108,2010-12-18,Health & Beauty,New,Third Party,7.99,8.65,1,2010-12-20,USPS,8.65,0.0,8.65,2010,12,18,5,Saturday
109,2011-01-21,Computer,New,Third Party,4.99,2.46,1,2011-01-21,USPS,2.46,0.0,2.46,2011,1,21,4,Friday
110,2011-01-25,Other,Unknown,Amazon,5000.0,20.0,1,2011-01-25,Other,20.0,0.0,20.0,2011,1,25,1,Tuesday
111,2011-01-25,Unknown,New,Third Party,14.1,14.1,1,2011-01-27,Other,14.1,0.0,14.1,2011,1,25,1,Tuesday
112,2011-01-25,Computer,New,Amazon,12.99,11.99,1,2011-01-27,Other,11.99,0.0,11.99,2011,1,25,1,Tuesday
113,2011-01-25,Computer,New,Amazon,129.99,116.43,1,2011-01-25,UPS,116.43,0.0,116.43,2011,1,25,1,Tuesday
114,2011-02-05,Computer,New,Amazon,81.99,68.99,1,2011-02-08,USPS,68.99,0.0,68.99,2011,2,5,5,Saturday
115,2011-02-05,Computer,New,Third Party,69.95,15.3,1,2011-02-08,USPS,15.3,1.34,16.64,2011,2,5,5,Saturday
116,2011-02-05,Unknown,New,Third Party,10.0,11.17,1,2011-02-11,USPS,11.17,0.0,11.17,2011,2,5,5,Saturday
117,2011-02-12,Books,New,Amazon,24.95,14.74,1,2011-02-15,USPS,14.74,0.0,14.74,2011,2,12,5,Saturday
118,2011-02-12,Books,New,Amazon,17.95,10.97,1,2011-02-15,USPS,10.97,0.0,10.97,2011,2,12,5,Saturday
119,2011-02-20,Computer,New,Amazon,47.99,42.49,1,2011-02-23,USPS,42.49,0.0,42.49,2011,2,20,6,Sunday
120,2011-02-20,Computer,New,Amazon,14.99,13.99,1,2011-02-23,USPS,13.99,0.0,13.99,2011,2,20,6,Sunday
121,2011-02-21,Electronics,New,Third Party,85.39,85.39,2,2011-02-21,FedEx,170.78,0.0,170.78,2011,2,21,0,Monday
122,2011-02-22,Electronics,New,Third Party,115.78,115.78,1,2011-02-23,Other,115.78,0.0,115.78,2011,2,22,1,Tuesday
123,2011-02-23,Electronics,New,Amazon,199.95,119.99,1,2011-02-24,Other,119.99,0.0,119.99,2011,2,23,2,Wednesday
124,2011-02-25,Computer,New,Third Party,14.95,9.99,1,2011-02-25,USPS,9.99,0.0,9.99,2011,2,25,4,Friday
125,2011-02-25,Computer,New,Amazon,49.68,19.99,1,2011-02-28,UPS,19.99,0.0,19.99,2011,2,25,4,Friday
126,2011-02-26,Electronics,New,Third Party,83.66,83.66,1,2011-02-27,Other,83.66,0.0,83.66,2011,2,26,5,Saturday
127,2011-02-27,Computer,New,Amazon,89.99,79.99,1,2011-02-28,Other,79.99,0.0,79.99,2011,2,27,6,Sunday
128,2011-02-27,Unknown,New,Amazon,129.0,99.99,1,2011-02-28,Other,99.99,0.0,99.99,2011,2,27,6,Sunday
129,2011-03-02,Computer,New,Amazon,182.77,99.99,1,2011-03-03,Other,99.99,0.0,99.99,2011,3,2,2,Wednesday
130,2011-03-03,Electronics,New,Third Party,90.09,90.09,1,2011-03-03,FedEx,90.09,0.0,90.09,2011,3,3,3,Thursday
131,2011-03-10,Computer,New,Amazon,199.99,199.99,1,2011-03-11,UPS,199.99,0.0,199.99,2011,3,10,3,Thursday
132,2011-03-12,Electronics,New,Amazon,299.95,199.99,1,2011-03-14,UPS,199.99,0.0,199.99,2011,3,12,5,Saturday
133,2011-03-12,Electronics,New,Amazon,199.95,154.49,1,2011-03-14,UPS,154.49,0.0,154.49,2011,3,12,5,Saturday
134,2011-03-12,Computer,New,Third Party,29.99,7.99,1,2011-03-14,UPS,7.99,0.0,7.99,2011,3,12,5,Saturday
135,2011-03-15,Computer,New,Amazon,169.99,154.0,1,2011-03-16,UPS,154.0,0.0,154.0,2011,3,15,1,Tuesday
136,2011-03-24,Home,New,Third Party,4.94,4.94,1,2011-03-24,Other,4.94,0.0,4.94,2011,3,24,3,Thursday
137,2011-03-24,Computer,New,Third Party,21.99,16.7,1,2011-03-24,Other,16.7,0.0,16.7,2011,3,24,3,Thursday
138,2011-03-25,Computer,New,Amazon,749.0,740.7,1,2011-03-25,UPS,740.7,0.0,740.7,2011,3,25,4,Friday
139,2011-03-25,Computer,New,Amazon,11.99,11.99,1,2011-03-26,Other,11.99,0.0,11.99,2011,3,25,4,Friday
140,2011-03-25,Unknown,New,Amazon,57.99,42.79,1,2011-03-26,Other,42.79,0.0,42.79,2011,3,25,4,Friday
141,2011-03-26,Computer,New,Amazon,24.99,15.26,1,2011-03-27,Other,15.26,0.0,15.26,2011,3,26,5,Saturday
142,2011-03-26,Home,New,Amazon,9.99,5.29,1,2011-03-27,Other,5.29,0.0,5.29,2011,3,26,5,Saturday
143,2011-03-26,Unknown,New,Third Party,3.75,3.75,1,2011-03-27,Other,3.75,0.0,3.75,2011,3,26,5,Saturday
144,2011-03-27,Electronics,New,Third Party,99.99,99.99,1,2011-03-28,Other,99.99,0.0,99.99,2011,3,27,6,Sunday
145,2011-03-28,Computer,New,Amazon,749.0,709.0,1,2011-03-29,UPS,709.0,0.0,709.0,2011,3,28,0,Monday
146,2011-04-06,Health & Beauty,New,Third Party,3.59,1.6,1,2011-04-08,USPS,1.6,0.0,1.6,2011,4,6,2,Wednesday
147,2011-04-09,Computer,New,Amazon,43.0,24.99,1,2011-04-09,USPS,24.99,0.0,24.99,2011,4,9,5,Saturday
148,2011-04-09,Computer,New,Amazon,6.5,6.5,1,2011-04-21,Other,6.5,0.0,6.5,2011,4,9,5,Saturday
149,2011-04-09,Unknown,New,Third Party,0.89,0.89,2,2011-04-11,USPS,1.78,0.0,1.78,2011,4,9,5,Saturday
150,2011-04-11,Computer,New,Amazon,79.99,49.98,1,2011-04-12,UPS,49.98,0.0,49.98,2011,4,11,0,Monday
151,2011-04-17,Apparel,New,Third Party,30.0,30.0,1,2011-04-18,UPS,30.0,0.0,30.0,2011,4,17,6,Sunday
152,2011-04-18,Computer,New,Amazon,159.99,119.99,1,2011-04-19,Other,119.99,0.0,119.99,2011,4,18,0,Monday
153,2011-04-24,Unknown,New,Third Party,0.89,0.89,2,2011-04-25,USPS,1.78,0.0,1.78,2011,4,24,6,Sunday
154,2011-04-27,Unknown,New,Third Party,130.0,109.95,1,2011-04-28,FedEx,109.95,0.0,109.95,2011,4,27,2,Wednesday
155,2011-04-29,Computer,New,Amazon,149.99,114.99,1,2011-04-29,FedEx,114.99,0.0,114.99,2011,4,29,4,Friday
156,2011-05-03,Computer,New,Amazon,5.48,5.48,1,2011-05-04,Other,5.48,0.0,5.48,2011,5,3,1,Tuesday
157,2011-05-08,Health & Beauty,New,Third Party,7.78,7.29,1,2011-05-08,UPS Mail Innovations,7.29,0.64,7.93,2011,5,8,6,Sunday
158,2011-05-10,Apparel,New,Amazon,24.99,24.99,1,2011-05-11,Other,24.99,0.0,24.99,2011,5,10,1,Tuesday
159,2011-05-10,Apparel,New,Amazon,25.0,5.72,1,2011-05-11,UPS,5.72,0.0,5.72,2011,5,10,1,Tuesday
160,2011-05-11,Computer,New,Amazon,14.95,11.14,1,2011-05-11,Other,11.14,0.0,11.14,2011,5,11,2,Wednesday
161,2011-05-11,Computer,New,Amazon,629.0,514.65,1,2011-05-11,UPS,514.65,0.0,514.65,2011,5,11,2,Wednesday
162,2011-05-12,Unknown,New,Third Party,119.95,13.09,1,2011-05-16,UPS,13.09,1.15,14.24,2011,5,12,3,Thursday
163,2011-05-13,Computer,New,Third Party,6.84,6.84,1,2011-05-14,USPS,6.84,0.0,6.84,2011,5,13,4,Friday
164,2011-05-14,Computer,New,Third Party,8.0,2.62,1,2011-05-17,USPS,2.62,0.0,2.62,2011,5,14,5,Saturday
165,2011-05-14,Computer,New,Amazon,5.14,5.14,1,2011-05-16,Other,5.14,0.0,5.14,2011,5,14,5,Saturday
166,2011-05-14,Computer,New,Third Party,13.99,13.99,1,2011-05-16,Other,13.99,0.0,13.99,2011,5,14,5,Saturday
167,2011-05-15,Computer,New,Amazon,699.0,644.0,1,2011-05-15,UPS,644.0,0.0,644.0,2011,5,15,6,Sunday
168,2011-05-17,Computer,New,Amazon,14.95,11.14,1,2011-05-17,Other,11.14,0.0,11.14,2011,5,17,1,Tuesday
169,2011-05-17,Electronics,New,Amazon,39.99,25.48,1,2011-05-18,Other,25.48,0.0,25.48,2011,5,17,1,Tuesday
170,2011-05-22,Entertainment,New,Third Party,6.95,6.95,1,2011-05-23,USPS,6.95,0.0,6.95,2011,5,22,6,Sunday
171,2011-05-24,Electronics,New,Third Party,3.25,3.25,1,2011-05-25,USPS,3.25,0.0,3.25,2011,5,24,1,Tuesday
172,2011-05-28,Unknown,New,Third Party,68.0,46.95,1,2011-05-30,Other,46.95,0.0,46.95,2011,5,28,5,Saturday
173,2011-05-28,Health & Beauty,New,Third Party,10.95,10.95,1,2011-05-31,UPS,10.95,0.0,10.95,2011,5,28,5,Saturday
174,2011-05-28,Health & Beauty,New,Third Party,36.57,13.99,1,2011-05-29,USPS,13.99,0.0,13.99,2011,5,28,5,Saturday
175,2011-05-30,Sports & Outdoor,New,Third Party,280.0,102.99,1,2011-05-31,UPS,102.99,0.0,102.99,2011,5,30,0,Monday
176,2011-05-30,Health & Beauty,New,Amazon,69.99,54.99,1,2011-05-31,Other,54.99,0.0,54.99,2011,5,30,0,Monday
177,2011-05-30,Health & Beauty,New,Amazon,29.99,11.39,1,2011-05-31,Other,11.39,0.0,11.39,2011,5,30,0,Monday
178,2011-05-30,Home,New,Amazon,2.59,2.59,4,2011-05-31,Other,10.36,0.0,10.36,2011,5,30,0,Monday
179,2011-05-30,Home,New,Amazon,1.59,1.59,4,2011-05-31,Other,6.36,0.0,6.36,2011,5,30,0,Monday
180,2011-06-02,Electronics,New,Third Party,99.99,99.99,1,2011-06-03,Other,99.99,0.0,99.99,2011,6,2,3,Thursday
181,2011-06-02,Home,New,Third Party,9.99,5.27,1,2011-06-02,USPS,5.27,0.0,5.27,2011,6,2,3,Thursday
182,2011-06-04,Health & Beauty,New,Amazon,38.99,31.2,1,2011-06-05,Other,31.2,0.0,31.2,2011,6,4,5,Saturday
183,2011-06-05,Electronics,New,Amazon,159.99,139.99,1,2011-06-05,Other,139.99,0.0,139.99,2011,6,5,6,Sunday
184,2011-06-08,Electronics,Unknown,Amazon,599.99,129.99,1,2011-06-09,Other,129.99,0.0,129.99,2011,6,8,2,Wednesday
187,2011-06-09,Unknown,New,Third Party,65.0,44.75,1,2011-06-11,FedEx SmartPost,44.75,0.0,44.75,2011,6,9,3,Thursday
188,2011-06-09,Health & Beauty,New,Third Party,55.0,36.0,1,2011-06-11,FedEx SmartPost,36.0,0.0,36.0,2011,6,9,3,Thursday
189,2011-06-09,Health & Beauty,New,Amazon,80.0,37.2,1,2011-06-10,UPS,37.2,0.0,37.2,2011,6,9,3,Thursday
190,2011-06-14,Home,New,Amazon,129.99,129.99,1,2011-06-14,Other,129.99,0.0,129.99,2011,6,14,1,Tuesday
191,2011-06-14,Unknown,New,Amazon,45.99,45.99,1,2011-06-14,Other,45.99,0.0,45.99,2011,6,14,1,Tuesday
192,2011-06-14,Home,New,Amazon,34.99,31.46,2,2011-06-14,Other,62.92,0.0,62.92,2011,6,14,1,Tuesday
193,2011-06-14,Unknown,New,Third Party,37.27,37.27,1,2011-06-14,USPS,37.27,0.0,37.27,2011,6,14,1,Tuesday
194,2011-06-15,Unknown,New,Amazon,39.99,37.2,2,2011-06-16,Other,74.4,0.0,74.4,2011,6,15,2,Wednesday
195,2011-06-17,Auto & Tools,New,Amazon,18.63,14.94,2,2011-06-17,Other,29.88,0.0,29.88,2011,6,17,4,Friday
196,2011-06-20,Home,New,Amazon,34.99,31.97,1,2011-06-20,Other,31.97,0.0,31.97,2011,6,20,0,Monday
197,2011-06-20,Home,New,Amazon,49.99,48.25,1,2011-06-20,Other,48.25,0.0,48.25,2011,6,20,0,Monday
198,2011-06-20,Home,New,Amazon,17.99,13.91,1,2011-06-20,Other,13.91,0.0,13.91,2011,6,20,0,Monday
199,2011-06-20,Unknown,New,Third Party,37.24,37.24,2,2011-06-22,UPS,74.48,0.0,74.48,2011,6,20,0,Monday
200,2011-06-20,Health & Beauty,New,Third Party,8.79,0.76,1,2011-06-20,USPS,0.76,0.0,0.76,2011,6,20,0,Monday
202,2011-07-01,Electronics,Unknown,Amazon,599.99,149.99,1,2011-07-05,Other,149.99,0.0,149.99,2011,7,1,4,Friday
205,2011-08-08,Sports & Outdoor,New,Third Party,280.0,102.99,1,2011-08-08,UPS,102.99,0.0,102.99,2011,8,8,0,Monday
206,2011-12-07,Books,Used,Third Party,55.1,55.1,1,2011-12-08,USPS,55.1,0.0,55.1,2011,12,7,2,Wednesday
207,2011-12-18,Electronics,New,Amazon,99.95,89.95,1,2011-12-18,UPS,89.95,0.0,89.95,2011,12,18,6,Sunday
208,2011-12-24,Health & Beauty,New,Third Party,17.95,12.75,4,2011-12-27,Other,51.0,0.0,51.0,2011,12,24,5,Saturday
209,2011-12-30,Health & Beauty,New,Third Party,35.0,29.5,1,2012-01-02,Other,29.5,0.0,29.5,2011,12,30,4,Friday
210,2012-06-12,Health & Beauty,New,Third Party,3.99,2.32,1,2012-06-13,USPS,2.32,0.0,2.32,2012,6,12,1,Tuesday
211,2012-07-02,Health & Beauty,New,Third Party,17.95,12.06,4,2012-07-03,USPS,48.24,0.0,48.24,2012,7,2,0,Monday
212,2012-07-03,Home,New,Amazon,31.95,28.24,1,2012-07-08,USPS,28.24,2.33,30.57,2012,7,3,1,Tuesday
213,2012-07-06,Books,Used,Third Party,114.31,114.31,1,2012-07-09,FedEx,114.31,0.0,114.31,2012,7,6,4,Friday
214,2012-07-07,Health & Beauty,New,Amazon,38.99,29.3,1,2012-07-10,USPS,29.3,2.42,31.72,2012,7,7,5,Saturday
216,2012-07-08,Unknown,New,Third Party,29.99,9.99,1,2012-07-10,USPS,9.99,0.0,9.99,2012,7,8,6,Sunday
217,2012-07-08,Health & Beauty,New,Third Party,24.99,29.09,1,2012-07-10,USPS,29.09,0.0,29.09,2012,7,8,6,Sunday
218,2012-07-09,Grocery,New,Amazon,21.98,25.45,1,2012-07-10,USPS,25.45,0.0,25.45,2012,7,9,0,Monday
219,2012-07-15,Unknown,New,Third Party,18.99,9.05,1,2012-07-17,USPS,9.05,0.0,9.05,2012,7,15,6,Sunday
220,2012-07-15,Computer,New,Third Party,4.99,4.99,2,2012-07-17,USPS,9.98,0.0,9.98,2012,7,15,6,Sunday
221,2012-07-15,Computer,New,Amazon,7.49,7.49,1,2012-07-17,USPS,7.49,0.62,8.11,2012,7,15,6,Sunday
222,2012-07-16,Computer,New,Amazon,495.0,116.15,1,2012-07-18,UPS,116.15,9.58,125.73,2012,7,16,0,Monday
223,2012-07-16,Unknown,New,Third Party,9.99,9.46,1,2012-07-18,USPS,9.46,0.0,9.46,2012,7,16,0,Monday
224,2012-07-16,Computer,New,Third Party,16.99,3.19,1,2012-07-18,USPS,3.19,0.0,3.19,2012,7,16,0,Monday
225,2012-07-16,Computer,New,Amazon,6.99,6.99,1,2012-07-18,USPS,6.99,0.58,7.57,2012,7,16,0,Monday
226,2012-07-17,Computer,New,Amazon,5.99,3.83,1,2012-07-18,USPS,3.83,0.32,4.15,2012,7,17,1,Tuesday
228,2012-07-19,Computer,New,Amazon,89.99,44.99,1,2012-07-20,USPS,44.99,3.71,48.7,2012,7,19,3,Thursday
231,2012-07-26,Electronics,New,Third Party,1.9,1.9,1,2012-07-27,Other,1.9,0.0,1.9,2012,7,26,3,Thursday
232,2012-07-26,Sports & Outdoor,New,Third Party,1.85,1.85,1,2012-07-27,Other,1.85,0.0,1.85,2012,7,26,3,Thursday
233,2012-07-26,Sports & Outdoor,New,Third Party,2.99,2.99,1,2012-07-27,Other,2.99,0.0,2.99,2012,7,26,3,Thursday
234,2012-07-26,Home,New,Amazon,9.99,8.11,1,2012-07-27,USPS,8.11,0.67,8.78,2012,7,26,3,Thursday
235,2012-07-26,Apparel,New,Amazon,84.95,52.75,1,2012-07-27,USPS,52.75,4.35,57.1,2012,7,26,3,Thursday
236,2012-07-26,Sports & Outdoor,New,Amazon,8.95,8.95,1,2012-07-27,USPS,8.95,0.74,9.69,2012,7,26,3,Thursday
239,2012-07-27,Home,New,Amazon,24.99,15.0,1,2012-07-30,UPS,15.0,1.24,16.24,2012,7,27,4,Friday
240,2012-07-28,Office,New,Third Party,26.99,26.99,1,2012-07-30,UPS,26.99,0.0,26.99,2012,7,28,5,Saturday
241,2012-07-28,Office,New,Third Party,2.8,2.8,1,2012-07-31,UPS,2.8,0.0,2.8,2012,7,28,5,Saturday
242,2012-07-30,Computer,New,Amazon,169.0,155.98,1,2012-07-30,UPS,155.98,12.87,168.85,2012,7,30,0,Monday
243,2012-07-30,Electronics,New,Third Party,49.99,21.99,1,2012-07-30,UPS,21.99,0.0,21.99,2012,7,30,0,Monday
244,2012-07-30,Electronics,New,Amazon,99.0,99.0,1,2012-07-30,UPS,99.0,8.17,107.17,2012,7,30,0,Monday
246,2012-08-01,Apparel,New,Amazon,84.95,70.7,1,2012-08-02,UPS,70.7,5.83,76.53,2012,8,1,2,Wednesday
247,2012-08-02,Electronics,New,Amazon,39.99,20.27,1,2012-08-02,UPS,20.27,1.67,21.94,2012,8,2,3,Thursday
248,2012-08-02,Computer,New,Amazon,36.99,23.99,1,2012-08-02,UPS,23.99,1.98,25.97,2012,8,2,3,Thursday
249,2012-08-04,Entertainment,Used,Third Party,9.99,2.89,1,2012-08-05,UPS,2.89,0.0,2.89,2012,8,4,5,Saturday
250,2012-08-05,Apparel,New,Amazon,129.95,119.95,1,2012-08-06,UPS,119.95,9.9,129.85,2012,8,5,6,Sunday
252,2012-08-05,Health & Beauty,New,Third Party,5.0,5.0,1,2012-08-06,USPS,5.0,0.0,5.0,2012,8,5,6,Sunday
253,2012-08-05,Electronics,New,Amazon,9.99,7.95,1,2012-08-05,UPS,7.95,0.66,8.61,2012,8,5,6,Sunday
255,2012-08-09,Computer,New,Third Party,44.95,6.99,1,2012-08-09,UPS,6.99,0.0,6.99,2012,8,9,3,Thursday
256,2012-08-09,Apparel,New,Amazon,110.0,64.5,1,2012-08-10,UPS,64.5,5.32,69.82,2012,8,9,3,Thursday
257,2012-08-09,Apparel,New,Amazon,100.0,85.31,1,2012-08-10,FedEx,85.31,7.04,92.35,2012,8,9,3,Thursday
258,2012-08-09,Apparel,New,Amazon,110.0,64.5,1,2012-08-10,FedEx,64.5,5.32,69.82,2012,8,9,3,Thursday
259,2012-08-09,Apparel,New,Amazon,100.0,85.31,1,2012-08-10,FedEx,85.31,7.04,92.35,2012,8,9,3,Thursday
260,2012-08-13,Computer,New,Amazon,599.99,588.0,1,2012-08-13,UPS,588.0,48.51,636.51,2012,8,13,0,Monday
261,2012-08-15,Unknown,New,Third Party,14.0,14.0,1,2012-08-15,UPS,14.0,0.0,14.0,2012,8,15,2,Wednesday
262,2012-08-18,Sports & Outdoor,New,Third Party,14.0,11.95,1,2012-08-19,UPS,11.95,0.0,11.95,2012,8,18,5,Saturday
263,2012-08-19,Health & Beauty,New,Amazon,25.99,13.97,1,2012-08-20,Other,13.97,0.0,13.97,2012,8,19,6,Sunday
264,2012-08-23,Computer,New,Third Party,11.99,11.99,1,2012-08-26,UPS,11.99,0.0,11.99,2012,8,23,3,Thursday
265,2012-08-23,Health & Beauty,New,Amazon,25.99,13.97,1,2012-08-26,UPS,13.97,1.15,15.12,2012,8,23,3,Thursday
267,2012-08-25,Computer,New,Amazon,12.95,3.79,1,2012-08-25,UPS,3.79,0.31,4.1,2012,8,25,5,Saturday
268,2012-08-25,Books,New,Third Party,52.04,52.04,1,2012-08-27,DHL,52.04,0.0,52.04,2012,8,25,5,Saturday
269,2012-08-25,Books,Used,Third Party,99.0,55.0,1,2012-08-25,USPS,55.0,0.0,55.0,2012,8,25,5,Saturday
270,2012-08-25,Books,Used,Third Party,243.8,133.65,1,2012-08-27,USPS,133.65,0.0,133.65,2012,8,25,5,Saturday
271,2012-09-07,Computer,New,Third Party,30.0,9.99,1,2012-09-09,UPS,9.99,0.0,9.99,2012,9,7,4,Friday
272,2012-09-14,Computer,New,Amazon,22.7,12.82,1,2012-09-16,UPS,12.82,1.06,13.88,2012,9,14,4,Friday
273,2012-09-15,Computer,New,Amazon,104.0,67.9,1,2012-09-15,UPS,67.9,5.6,73.5,2012,9,15,5,Saturday
274,2012-10-13,Sports & Outdoor,New,Third Party,4.48,4.48,1,2012-10-15,USPS,4.48,0.0,4.48,2012,10,13,5,Saturday
275,2012-10-13,Sports & Outdoor,New,Amazon,10.95,7.21,1,2012-10-14,UPS,7.21,0.59,7.8,2012,10,13,5,Saturday
276,2012-10-13,Sports & Outdoor,New,Third Party,16.99,6.99,1,2012-10-13,USPS,6.99,0.0,6.99,2012,10,13,5,Saturday
277,2012-10-13,Sports & Outdoor,New,Amazon,8.42,9.66,1,2012-10-14,UPS,9.66,0.8,10.46,2012,10,13,5,Saturday
278,2012-10-14,Health & Beauty,New,Third Party,8.0,7.95,1,2012-10-14,UPS,7.95,0.0,7.95,2012,10,14,6,Sunday
279,2012-10-14,Unknown,New,Third Party,7.99,7.99,1,2012-10-15,UPS,7.99,0.0,7.99,2012,10,14,6,Sunday
280,2012-10-14,Unknown,New,Third Party,4.49,5.95,1,2012-10-15,USPS,5.95,0.0,5.95,2012,10,14,6,Sunday
281,2012-10-14,Health & Beauty,New,Third Party,10.75,10.75,1,2012-10-16,USPS,10.75,0.0,10.75,2012,10,14,6,Sunday
282,2012-10-14,Unknown,New,Amazon,249.99,141.75,1,2012-10-14,UPS,141.75,11.69,153.44,2012,10,14,6,Sunday
283,2012-10-23,Unknown,New,Amazon,79.95,72.69,1,2012-10-23,UPS,72.69,6.0,78.69,2012,10,23,1,Tuesday
284,2012-10-23,Unknown,New,Third Party,93.05,93.05,1,2012-10-25,USPS,93.05,7.68,100.73,2012,10,23,1,Tuesday
285,2012-10-23,Sports & Outdoor,New,Amazon,26.99,21.61,1,2012-10-24,UPS,21.61,1.78,23.39,2012,10,23,1,Tuesday
286,2012-10-27,Sports & Outdoor,New,Amazon,18.88,16.1,1,2012-10-28,UPS,16.1,1.33,17.43,2012,10,27,5,Saturday
287,2012-10-27,Home,Unknown,Amazon,10.99,5.49,1,2012-10-28,UPS,5.49,0.45,5.94,2012,10,27,5,Saturday
288,2012-10-28,Home,New,Third Party,8.99,7.59,1,2012-10-28,UPS,7.59,0.0,7.59,2012,10,28,6,Sunday
289,2012-10-28,Health & Beauty,New,Amazon,82.45,52.99,1,2012-10-28,UPS,52.99,0.0,52.99,2012,10,28,6,Sunday
290,2012-11-02,Sports & Outdoor,New,Amazon,21.98,20.8,1,2012-11-03,UPS,20.8,1.72,22.52,2012,11,2,4,Friday
291,2012-11-02,Sports & Outdoor,New,Amazon,9.97,7.53,1,2012-11-03,UPS,7.53,0.62,8.15,2012,11,2,4,Friday
292,2012-11-02,Sports & Outdoor,New,Third Party,11.95,11.95,1,2012-11-05,USPS,11.95,0.0,11.95,2012,11,2,4,Friday
293,2012-11-02,Sports & Outdoor,New,Third Party,10.0,7.66,2,2012-11-02,USPS,15.32,0.0,15.32,2012,11,2,4,Friday
294,2012-11-02,Sports & Outdoor,New,Amazon,11.49,10.7,1,2012-11-03,UPS,10.7,0.88,11.58,2012,11,2,4,Friday
295,2012-11-20,Office,New,Amazon,6.49,5.78,1,2012-11-20,UPS,5.78,0.48,6.26,2012,11,20,1,Tuesday
296,2012-11-24,Health & Beauty,New,Third Party,52.0,11.99,1,2012-11-26,USPS,11.99,0.0,11.99,2012,11,24,5,Saturday
297,2012-12-07,Auto & Tools,New,Amazon,11.96,11.37,1,2012-12-08,UPS,11.37,0.94,12.31,2012,12,7,4,Friday
298,2012-12-07,Office,New,Third Party,19.99,19.99,1,2012-12-08,UPS,19.99,0.0,19.99,2012,12,7,4,Friday
299,2012-12-09,Unknown,New,Amazon,25.99,19.95,1,2012-12-10,UPS,19.95,1.65,21.6,2012,12,9,6,Sunday
300,2012-12-09,Sports & Outdoor,New,Amazon,60.0,9.63,1,2012-12-10,UPS,9.63,0.79,10.42,2012,12,9,6,Sunday
301,2012-12-09,Home,New,Third Party,14.67,10.95,1,2012-12-09,UPS,10.95,0.0,10.95,2012,12,9,6,Sunday
302,2012-12-09,Computer,New,Third Party,3.15,3.15,1,2012-12-11,USPS,3.15,0.0,3.15,2012,12,9,6,Sunday
303,2012-12-09,Computer,New,Amazon,14.95,8.84,1,2012-12-10,UPS,8.84,0.73,9.57,2012,12,9,6,Sunday
304,2012-12-13,Computer,New,Third Party,225.0,181.88,1,2012-12-13,UPS,181.88,0.0,181.88,2012,12,13,3,Thursday
305,2012-12-17,Computer,New,Amazon,14.95,8.65,1,2012-12-17,UPS,8.65,0.67,9.32,2012,12,17,0,Monday
306,2012-12-17,Electronics,New,Third Party,29.99,4.95,1,2012-12-18,USPS,4.95,0.0,4.95,2012,12,17,0,Monday
307,2012-12-17,Unknown,New,Third Party,5.73,5.73,1,2012-12-17,USPS,5.73,0.0,5.73,2012,12,17,0,Monday
308,2012-12-19,Office,New,Third Party,19.99,19.99,1,2012-12-20,UPS,19.99,0.0,19.99,2012,12,19,2,Wednesday
309,2012-12-19,Computer,New,Third Party,3.89,3.89,1,2012-12-19,USPS,3.89,0.0,3.89,2012,12,19,2,Wednesday
310,2012-12-21,Computer,New,Amazon,69.99,24.99,1,2012-12-22,UPS,24.99,2.06,27.05,2012,12,21,4,Friday
311,2012-12-22,Unknown,New,Third Party,16.99,16.99,2,2012-12-22,UPS,33.98,0.0,33.98,2012,12,22,5,Saturday
312,2012-12-22,Sports & Outdoor,New,Amazon,21.99,17.77,1,2012-12-22,UPS,17.77,1.47,19.24,2012,12,22,5,Saturday
313,2012-12-28,Books,Used,Third Party,75.0,26.01,1,2012-12-29,USPS,26.01,0.0,26.01,2012,12,28,4,Friday
314,2012-12-28,Books,New,Amazon,29.99,19.79,1,2012-12-29,UPS,19.79,1.63,21.42,2012,12,28,4,Friday
315,2012-12-28,Books,New,Amazon,39.95,26.11,1,2012-12-29,UPS,26.11,2.15,28.26,2012,12,28,4,Friday
316,2013-01-01,Home,New,Amazon,130.0,99.95,1,2013-01-02,UPS,99.95,8.25,108.2,2013,1,1,1,Tuesday
317,2013-01-04,Office,New,Third Party,159.99,57.99,1,2013-01-04,FedEx,57.99,0.0,57.99,2013,1,4,4,Friday
318,2013-01-08,Unknown,New,Amazon,249.99,141.75,1,2013-01-09,Other,141.75,11.34,153.09,2013,1,8,1,Tuesday
319,2013-01-16,Unknown,New,Third Party,119.95,15.64,2,2013-01-18,UPS,31.28,2.58,33.86,2013,1,16,2,Wednesday
320,2013-01-16,Health & Beauty,New,Third Party,28.77,28.77,1,2013-01-16,UPS,28.77,0.0,28.77,2013,1,16,2,Wednesday
321,2013-01-16,Health & Beauty,New,Third Party,12.99,9.69,1,2013-01-16,UPS,9.69,0.0,9.69,2013,1,16,2,Wednesday
322,2013-01-17,Office,New,Third Party,99.99,22.99,2,2013-01-17,FedEx,45.98,0.0,45.98,2013,1,17,3,Thursday
323,2013-01-20,Home,New,Amazon,12.99,11.17,1,2013-01-21,UPS,11.17,0.92,12.09,2013,1,20,6,Sunday
324,2013-01-24,Health & Beauty,New,Third Party,17.95,12.65,2,2013-01-25,UPS,25.3,0.0,25.3,2013,1,24,3,Thursday
325,2013-01-29,Unknown,New,Third Party,10.69,10.69,1,2013-01-30,USPS,10.69,0.0,10.69,2013,1,29,1,Tuesday
326,2013-01-30,Electronics,New,Third Party,49.99,14.99,1,2013-01-31,UPS,14.99,0.0,14.99,2013,1,30,2,Wednesday
327,2013-01-31,Unknown,New,Third Party,9.99,3.42,1,2013-02-01,USPS,3.42,0.0,3.42,2013,1,31,3,Thursday
329,2013-02-08,Sports & Outdoor,New,Third Party,39.99,11.7,2,2013-02-10,UPS,23.4,0.0,23.4,2013,2,8,4,Friday
330,2013-02-09,Computer,New,Amazon,154.0,144.99,1,2013-02-10,UPS,144.99,11.96,156.95,2013,2,9,5,Saturday
331,2013-02-09,Electronics,New,Amazon,199.0,114.11,1,2013-02-10,Other,114.11,9.13,123.24,2013,2,9,5,Saturday
332,2013-02-09,Unknown,New,Amazon,249.99,148.13,1,2013-02-10,Other,148.13,11.85,159.98,2013,2,9,5,Saturday
333,2013-02-10,Other,New,Amazon,50.0,18.0,1,2013-02-10,Other,18.0,0.0,18.0,2013,2,10,6,Sunday
334,2013-02-10,Other,New,Amazon,50.0,30.1,1,2013-02-10,Other,30.1,0.0,30.1,2013,2,10,6,Sunday
335,2013-02-15,Unknown,New,Third Party,15.65,15.65,4,2013-02-18,USPS,62.6,0.0,62.6,2013,2,15,4,Friday
336,2013-02-16,Computer,New,Amazon,27.99,8.43,1,2013-02-17,UPS,8.43,0.7,9.13,2013,2,16,5,Saturday
337,2013-02-16,Entertainment,New,Third Party,39.95,28.99,1,2013-02-17,UPS,28.99,0.0,28.99,2013,2,16,5,Saturday
338,2013-02-26,Computer,New,Amazon,27.99,10.03,1,2013-02-26,UPS,10.03,0.83,10.86,2013,2,26,1,Tuesday
339,2013-02-26,Computer,New,Third Party,42.99,11.6,1,2013-02-27,USPS,11.6,0.0,11.6,2013,2,26,1,Tuesday
340,2013-03-01,Electronics,New,Amazon,29.99,15.99,1,2013-03-03,UPS,15.99,1.32,17.31,2013,3,1,4,Friday
341,2013-03-09,Computer,New,Third Party,99.0,99.0,1,2013-03-11,USPS,99.0,0.0,99.0,2013,3,9,5,Saturday
342,2013-03-11,Computer,New,Amazon,22.7,13.99,1,2013-03-11,UPS,13.99,1.15,15.14,2013,3,11,0,Monday
343,2013-03-11,Computer,New,Amazon,128.7,91.17,1,2013-03-12,UPS,91.17,7.52,98.69,2013,3,11,0,Monday
344,2013-03-11,Electronics,New,Third Party,24.99,4.18,1,2013-03-12,UPS,4.18,0.0,4.18,2013,3,11,0,Monday
345,2013-03-11,Unknown,New,Amazon,189.99,137.63,1,2013-03-12,UPS,137.63,11.35,148.98,2013,3,11,0,Monday
346,2013-03-13,Electronics,New,Amazon,9.99,7.95,1,2013-03-13,USPS,7.95,0.66,8.61,2013,3,13,2,Wednesday
347,2013-03-21,Office,New,Third Party,149.95,89.99,1,2013-03-21,FedEx,89.99,0.0,89.99,2013,3,21,3,Thursday
348,2013-03-21,Unknown,New,Amazon,6.99,6.99,1,2013-03-21,FedEx,6.99,0.58,7.57,2013,3,21,3,Thursday
349,2013-03-21,Computer,New,Amazon,164.99,143.99,1,2013-03-21,FedEx,143.99,11.88,155.87,2013,3,21,3,Thursday
350,2013-03-21,Computer,New,Amazon,29.99,23.1,1,2013-03-21,FedEx,23.1,1.91,25.01,2013,3,21,3,Thursday
351,2013-03-21,Computer,New,Third Party,99.99,59.95,1,2013-03-21,FedEx,59.95,0.0,59.95,2013,3,21,3,Thursday
352,2013-03-24,Health & Beauty,New,Third Party,54.95,24.95,1,2013-03-26,USPS,24.95,0.0,24.95,2013,3,24,6,Sunday
353,2013-05-03,Unknown,New,Third Party,17.99,3.98,1,2013-05-05,USPS,3.98,0.0,3.98,2013,5,3,4,Friday
355,2013-06-13,Unknown,New,Amazon,49.99,44.71,1,2013-06-13,USPS,44.71,3.8,48.51,2013,6,13,3,Thursday
356,2013-06-24,Computer,New,Amazon,76.64,51.99,1,2013-06-24,Other,51.99,4.42,56.41,2013,6,24,0,Monday
360,2013-07-23,Health & Beauty,New,Third Party,17.95,12.79,2,2013-07-24,USPS,25.58,0.0,25.58,2013,7,23,1,Tuesday
361,2013-08-01,Home,New,Amazon,7.48,8.24,1,2013-08-01,FedEx SmartPost,8.24,0.58,8.82,2013,8,1,3,Thursday
366,2013-08-05,Home,New,Amazon,39.99,17.88,1,2013-08-05,Other,17.88,1.25,19.13,2013,8,5,0,Monday
367,2013-08-09,Electronics,New,Amazon,9.52,8.5,1,2013-08-10,UPS,8.5,0.6,9.1,2013,8,9,4,Friday
368,2013-08-09,Home,New,Third Party,15.0,6.97,2,2013-08-10,UPS,13.94,0.0,13.94,2013,8,9,4,Friday
370,2013-08-09,Home,New,Amazon,16.99,6.77,1,2013-08-10,UPS,6.77,0.47,7.24,2013,8,9,4,Friday
371,2013-08-13,Health & Beauty,New,Amazon,57.0,25.05,1,2013-08-14,UPS,25.05,1.75,26.8,2013,8,13,1,Tuesday
372,2013-08-15,Home,New,Amazon,32.91,9.66,1,2013-08-15,USPS,9.66,0.68,10.34,2013,8,15,3,Thursday
373,2013-08-21,Electronics,New,Amazon,49.0,33.09,1,2013-08-22,USPS,33.09,2.32,35.41,2013,8,21,2,Wednesday
374,2013-08-21,Home,New,Third Party,23.99,7.99,1,2013-08-22,USPS,7.99,0.0,7.99,2013,8,21,2,Wednesday
375,2013-08-21,Unknown,New,Third Party,19.95,13.15,1,2013-08-22,USPS,13.15,0.0,13.15,2013,8,21,2,Wednesday
377,2013-08-26,Home,New,Third Party,14.99,9.99,1,2013-08-26,UPS,9.99,0.7,10.69,2013,8,26,0,Monday
378,2013-08-30,Home,New,Amazon,209.99,196.5,1,2013-09-03,UPS,196.5,13.76,210.26,2013,8,30,4,Friday
379,2013-08-30,Home,New,Amazon,14.99,7.97,1,2013-08-30,Other,7.97,0.56,8.53,2013,8,30,4,Friday
380,2013-08-31,Home,New,Third Party,14.99,9.99,1,2013-08-31,FedEx SmartPost,9.99,0.7,10.69,2013,8,31,5,Saturday
383,2013-09-30,Office,New,Amazon,51.95,22.49,1,2013-10-01,USPS,22.49,1.57,24.06,2013,9,30,0,Monday
386,2013-10-05,Home,New,Amazon,139.99,119.0,1,2013-10-07,UPS,119.0,8.33,127.33,2013,10,5,5,Saturday
389,2013-10-09,Office,New,Amazon,2.79,2.49,1,2013-10-09,UPS,2.49,0.17,2.66,2013,10,9,2,Wednesday
390,2013-10-09,Auto & Tools,New,Amazon,3.19,3.49,1,2013-10-09,UPS,3.49,0.24,3.73,2013,10,9,2,Wednesday
391,2013-10-09,Electronics,New,Amazon,7.26,4.39,1,2013-10-09,UPS,4.39,0.31,4.7,2013,10,9,2,Wednesday
392,2013-10-09,Unknown,New,Third Party,9.99,5.97,1,2013-10-09,UPS,5.97,0.0,5.97,2013,10,9,2,Wednesday
393,2013-10-09,Unknown,New,Amazon,16.99,12.09,1,2013-10-09,UPS,12.09,0.85,12.94,2013,10,9,2,Wednesday
396,2013-10-16,Health & Beauty,New,Amazon,14.99,8.79,1,2013-10-17,USPS,8.79,0.0,8.79,2013,10,16,2,Wednesday
398,2013-10-16,Electronics,New,Amazon,49.99,21.63,1,2013-10-17,USPS,21.63,1.51,23.14,2013,10,16,2,Wednesday
399,2013-10-17,Home,New,Amazon,7.49,8.22,1,2013-10-17,USPS,8.22,0.58,8.8,2013,10,17,3,Thursday
400,2013-10-18,Auto & Tools,New,Amazon,40.99,32.58,1,2013-10-19,UPS,32.58,2.28,34.86,2013,10,18,4,Friday
401,2013-10-18,Home,New,Third Party,39.99,22.99,1,2013-10-19,UPS,22.99,1.61,24.6,2013,10,18,4,Friday
402,2013-11-02,Home,New,Amazon,19.99,20.99,1,2013-11-02,USPS,20.99,1.47,22.46,2013,11,2,5,Saturday
403,2013-11-12,Unknown,New,Third Party,39.99,13.99,1,2013-11-13,USPS,13.99,0.0,13.99,2013,11,12,1,Tuesday
404,2013-11-12,Home,New,Amazon,62.99,49.99,1,2013-11-13,USPS,49.99,3.5,53.49,2013,11,12,1,Tuesday
406,2013-11-20,Computer,New,Amazon,134.99,94.99,1,2013-11-21,USPS,94.99,6.65,101.64,2013,11,20,2,Wednesday
407,2013-11-20,Computer,New,Third Party,24.99,11.99,1,2013-11-21,USPS,11.99,0.0,11.99,2013,11,20,2,Wednesday
408,2013-11-21,Electronics,New,Amazon,87.99,76.89,1,2013-11-21,USPS,76.89,5.38,82.27,2013,11,21,3,Thursday
410,2013-11-22,Home,New,Amazon,5.99,2.52,1,2013-11-23,USPS,2.52,0.13,2.65,2013,11,22,4,Friday
411,2013-11-22,Health & Beauty,New,Third Party,17.95,12.59,2,2013-11-23,USPS,25.18,0.0,25.18,2013,11,22,4,Friday
412,2013-11-22,Office,New,Amazon,99.0,85.24,1,2013-11-24,UPS,85.24,4.3,89.54,2013,11,22,4,Friday
414,2013-11-26,Electronics,New,Amazon,119.99,67.24,1,2013-11-27,USPS,67.24,4.71,71.95,2013,11,26,1,Tuesday
415,2013-11-28,Home,New,Amazon,5.99,2.55,3,2013-11-29,FedEx,7.65,0.54,8.19,2013,11,28,3,Thursday
416,2013-11-28,Unknown,New,Amazon,49.99,19.99,1,2013-11-29,FedEx,19.99,1.4,21.39,2013,11,28,3,Thursday
417,2013-11-28,Computer,New,Amazon,269.99,212.99,1,2013-11-29,FedEx,212.99,14.91,227.9,2013,11,28,3,Thursday
418,2013-11-28,Books,New,Amazon,34.95,27.06,1,2013-11-29,USPS,27.06,1.89,28.95,2013,11,28,3,Thursday
419,2013-11-28,Books,New,Amazon,19.95,15.22,1,2013-11-29,USPS,15.22,1.07,16.29,2013,11,28,3,Thursday
420,2013-12-08,Home,New,Amazon,59.99,54.99,1,2013-12-09,Other,54.99,2.14,57.13,2013,12,8,6,Sunday
421,2013-12-15,Auto & Tools,New,Third Party,117.95,105.74,1,2013-12-19,UPS,105.74,0.0,105.74,2013,12,15,6,Sunday
423,2013-12-24,Books,New,Amazon,16.0,10.93,1,2013-12-26,Other,10.93,0.77,11.7,2013,12,24,1,Tuesday
424,2013-12-24,Books,Used,Third Party,17.0,0.02,1,2013-12-24,USPS,0.02,0.0,0.02,2013,12,24,1,Tuesday
425,2013-12-24,Books,New,Amazon,27.0,17.76,1,2013-12-26,Other,17.76,1.24,19.0,2013,12,24,1,Tuesday
427,2013-12-30,Other,New,Third Party,3.41,0.21,1,2014-01-01,DHL,0.21,0.0,0.21,2013,12,30,0,Monday
428,2013-12-30,Books,Used,Third Party,24.95,4.19,1,2013-12-31,USPS,4.19,0.0,4.19,2013,12,30,0,Monday
429,2013-12-30,Books,Used,Third Party,19.95,11.0,1,2013-12-30,USPS,11.0,0.0,11.0,2013,12,30,0,Monday
431,2014-01-13,Auto & Tools,New,Amazon,7.0,5.88,1,2014-01-14,USPS,5.88,0.41,6.29,2014,1,13,0,Monday
432,2014-01-13,Books,New,Amazon,21.95,15.6,1,2014-01-14,USPS,15.6,1.09,16.69,2014,1,13,0,Monday
433,2014-01-13,Home,New,Amazon,6.99,3.99,1,2014-01-14,USPS,3.99,0.28,4.27,2014,1,13,0,Monday
434,2014-01-23,Other,New,Third Party,10.59,0.14,1,2014-01-23,Other,0.14,0.0,0.14,2014,1,23,3,Thursday
435,2014-02-03,Home,New,Amazon,249.99,219.99,1,2014-02-04,UPS,219.99,15.4,235.39,2014,2,3,0,Monday
436,2014-02-08,Apparel,New,Amazon,59.0,46.63,1,2014-02-09,USPS,46.63,0.0,46.63,2014,2,8,5,Saturday
437,2014-02-09,Apparel,New,Amazon,69.95,55.31,1,2014-02-10,USPS,55.31,0.0,55.31,2014,2,9,6,Sunday
438,2014-03-06,Home,New,Amazon,99.0,86.71,1,2014-03-06,USPS,86.71,6.07,92.78,2014,3,6,3,Thursday
440,2014-03-14,Home,New,Amazon,16.99,11.97,1,2014-03-14,USPS,11.97,0.84,12.81,2014,3,14,4,Friday
441,2014-03-14,Home,New,Third Party,39.5,18.99,1,2014-03-14,USPS,18.99,0.0,18.99,2014,3,14,4,Friday
442,2014-03-18,Sports & Outdoor,New,Third Party,320.0,121.43,1,2014-03-19,USPS,121.43,8.5,129.93,2014,3,18,1,Tuesday
443,2014-03-20,Apparel,New,Amazon,110.0,97.99,1,2014-03-20,UPS,97.99,0.0,97.99,2014,3,20,3,Thursday
444,2014-04-11,Sports & Outdoor,New,Third Party,138.0,119.99,1,2014-04-11,USPS,119.99,0.0,119.99,2014,4,11,4,Friday
445,2014-07-08,Books,Used,Third Party,42.95,14.88,1,2014-07-08,USPS,14.88,1.04,15.92,2014,7,8,1,Tuesday
446,2014-07-12,Other,New,Amazon,50.0,100.0,1,2014-07-12,Other,100.0,0.0,100.0,2014,7,12,5,Saturday
447,2014-07-12,Books,New,Amazon,44.99,33.77,1,2014-07-13,USPS,33.77,2.36,36.13,2014,7,12,5,Saturday
448,2014-07-12,Books,New,Amazon,24.99,16.84,1,2014-07-13,USPS,16.84,1.18,18.02,2014,7,12,5,Saturday
449,2014-08-14,Other,New,Amazon,50.0,47.81,1,2014-08-14,Other,47.81,0.0,47.81,2014,8,14,3,Thursday
450,2014-09-02,Apparel,New,Amazon,200.0,195.0,1,2014-09-02,USPS,195.0,0.0,195.0,2014,9,2,1,Tuesday
451,2014-09-04,Books,New,Amazon,148.0,85.84,1,2014-09-05,USPS,85.84,6.01,91.85,2014,9,4,3,Thursday
452,2014-09-04,Books,New,Amazon,19.95,12.64,1,2014-09-05,USPS,12.64,0.88,13.52,2014,9,4,3,Thursday
453,2014-09-06,Books,New,Amazon,20.99,14.69,1,2014-09-06,USPS,14.69,1.03,15.72,2014,9,6,5,Saturday
454,2014-09-06,Books,New,Amazon,39.99,29.5,1,2014-09-06,USPS,29.5,2.07,31.57,2014,9,6,5,Saturday
456,2014-09-23,Apparel,New,Third Party,698.0,199.0,1,2014-09-24,USPS,199.0,0.0,199.0,2014,9,23,1,Tuesday
457,2014-09-25,Apparel,New,Amazon,120.0,78.0,1,2014-09-26,USPS,78.0,0.0,78.0,2014,9,25,3,Thursday
458,2014-09-25,Apparel,New,Amazon,120.0,78.0,1,2014-09-26,USPS,78.0,0.0,78.0,2014,9,25,3,Thursday
459,2014-09-28,Apparel,New,Amazon,12.0,9.99,1,2014-09-29,USPS,9.99,0.0,9.99,2014,9,28,6,Sunday
460,2014-10-08,Home,New,Amazon,24.99,19.95,1,2014-10-10,FedEx,19.95,1.4,21.35,2014,10,8,2,Wednesday
462,2014-10-09,Other,New,Third Party,33.99,1.58,1,2014-10-11,Other,1.58,0.0,1.58,2014,10,9,3,Thursday
464,2014-10-11,Other,New,Third Party,19.99,3.49,1,2014-10-12,Other,3.49,0.0,3.49,2014,10,11,5,Saturday
465,2014-10-11,Unknown,New,Third Party,19.99,3.49,1,2014-10-12,Other,3.49,0.0,3.49,2014,10,11,5,Saturday
466,2014-10-11,Other,New,Third Party,13.99,4.79,1,2014-10-13,USPS,4.79,0.0,4.79,2014,10,11,5,Saturday
467,2014-10-16,Health & Beauty,New,Amazon,8.99,3.49,1,2014-10-17,USPS,3.49,0.0,3.49,2014,10,16,3,Thursday
468,2014-10-16,Home,New,Amazon,14.99,14.99,1,2014-10-17,USPS,14.99,1.05,16.04,2014,10,16,3,Thursday
469,2014-10-16,Unknown,New,Third Party,40.28,19.4,1,2014-10-17,USPS,19.4,0.0,19.4,2014,10,16,3,Thursday
470,2014-10-16,Other,New,Third Party,13.99,4.79,1,2014-10-17,USPS,4.79,0.0,4.79,2014,10,16,3,Thursday
472,2014-10-23,Other,New,Third Party,23.99,1.69,1,2014-10-24,Other,1.69,0.0,1.69,2014,10,23,3,Thursday
473,2014-10-23,Other,New,Third Party,9.99,1.58,1,2014-10-25,Other,1.58,0.0,1.58,2014,10,23,3,Thursday
474,2014-10-24,Apparel,New,Amazon,200.0,156.58,1,2014-10-25,USPS,156.58,0.0,156.58,2014,10,24,4,Friday
475,2014-11-01,Other,New,Third Party,29.9,3.38,1,2014-11-03,DHL,3.38,0.0,3.38,2014,11,1,5,Saturday
477,2014-11-03,Auto & Tools,New,Amazon,20.76,16.98,1,2014-11-04,USPS,16.98,1.44,18.42,2014,11,3,0,Monday
478,2014-11-03,Auto & Tools,New,Third Party,5.32,5.18,1,2014-11-04,USPS,5.18,0.39,5.57,2014,11,3,0,Monday
482,2014-12-14,Unknown,New,Third Party,7.95,6.65,1,2014-12-15,USPS,6.65,0.0,6.65,2014,12,14,6,Sunday
483,2014-12-21,Entertainment,New,Amazon,19.99,4.99,1,2014-12-21,Other,4.99,0.35,5.34,2014,12,21,6,Sunday
484,2014-12-22,Health & Beauty,New,Third Party,8.87,2.71,1,2014-12-22,Other,2.71,0.0,2.71,2014,12,22,0,Monday
485,2014-12-22,Health & Beauty,New,Third Party,4.19,4.93,1,2014-12-24,USPS,4.93,0.0,4.93,2014,12,22,0,Monday
487,2014-12-29,Electronics,New,Third Party,11.99,6.99,1,2014-12-30,USPS,6.99,0.0,6.99,2014,12,29,0,Monday
488,2014-12-30,Computer,New,Third Party,49.99,15.99,1,2014-12-31,USPS,15.99,0.0,15.99,2014,12,30,1,Tuesday
490,2015-01-15,Electronics,New,Third Party,79.99,21.54,1,2015-01-16,USPS,21.54,1.83,23.37,2015,1,15,3,Thursday
492,2015-01-31,Computer,New,Third Party,29.99,15.99,1,2015-01-31,USPS,15.99,0.0,15.99,2015,1,31,5,Saturday
493,2015-02-03,Other,New,Amazon,120.0,50.99,1,2015-02-04,UPS,50.99,3.57,54.56,2015,2,3,1,Tuesday
496,2015-02-15,Auto & Tools,New,Third Party,7.23,6.35,1,2015-02-15,USPS,6.35,0.0,6.35,2015,2,15,6,Sunday
497,2015-02-15,Home,New,Third Party,3.83,6.59,1,2015-02-18,USPS,6.59,0.0,6.59,2015,2,15,6,Sunday
498,2015-02-17,Health & Beauty,New,Third Party,17.95,13.95,2,2015-02-17,USPS,27.9,0.0,27.9,2015,2,17,1,Tuesday
499,2015-03-15,Home,New,Amazon,29.89,13.79,1,2015-03-15,USPS,13.79,0.97,14.76,2015,3,15,6,Sunday
500,2015-03-15,Apparel,New,Amazon,400.0,241.92,1,2015-03-15,USPS,241.92,0.0,241.92,2015,3,15,6,Sunday
503,2015-04-04,Other,New,Third Party,19.99,3.29,2,2015-04-06,DHL,6.58,0.0,6.58,2015,4,4,5,Saturday
506,2015-04-21,Other,New,Third Party,19.99,3.29,2,2015-04-22,DHL,6.58,0.0,6.58,2015,4,21,1,Tuesday
507,2015-04-21,Health & Beauty,New,Third Party,107.94,41.94,1,2015-04-22,USPS,41.94,0.0,41.94,2015,4,21,1,Tuesday
508,2015-04-29,Books,Used,Third Party,70.0,18.55,1,2015-04-30,DHL,18.55,0.0,18.55,2015,4,29,2,Wednesday
509,2015-04-30,Books,Used,Third Party,17.0,0.01,1,2015-05-01,DHL,0.01,0.0,0.01,2015,4,30,3,Thursday
510,2015-05-02,Books,Used,Third Party,14.99,0.58,1,2015-05-04,DHL,0.58,0.0,0.58,2015,5,2,5,Saturday
511,2015-05-09,Auto & Tools,New,Amazon,22.09,17.72,1,2015-05-10,USPS,17.72,1.24,18.96,2015,5,9,5,Saturday
512,2015-05-09,Auto & Tools,New,Amazon,30.67,19.95,1,2015-05-10,USPS,19.95,1.4,21.35,2015,5,9,5,Saturday
513,2015-05-09,Auto & Tools,New,Amazon,37.14,13.37,1,2015-05-10,USPS,13.37,0.94,14.31,2015,5,9,5,Saturday
514,2015-05-09,Auto & Tools,New,Amazon,22.09,15.58,1,2015-05-10,USPS,15.58,1.09,16.67,2015,5,9,5,Saturday
515,2015-05-09,Auto & Tools,New,Amazon,25.76,16.29,1,2015-05-10,USPS,16.29,1.14,17.43,2015,5,9,5,Saturday
516,2015-05-18,Home,New,Third Party,39.5,18.99,1,2015-05-19,USPS,18.99,0.0,18.99,2015,5,18,0,Monday
517,2015-05-19,Home,New,Third Party,39.5,18.99,1,2015-05-19,USPS,18.99,0.0,18.99,2015,5,19,1,Tuesday
519,2015-06-07,Books,Used,Third Party,22.0,3.8,1,2015-06-09,USPS,3.8,0.0,3.8,2015,6,7,6,Sunday
520,2015-06-15,Books,Used,Third Party,13.0,5.0,1,2015-06-16,USPS,5.0,0.0,5.0,2015,6,15,0,Monday
521,2015-06-16,Books,Used,Third Party,30.0,0.04,1,2015-06-17,Other,0.04,0.0,0.04,2015,6,16,1,Tuesday
522,2015-06-16,Books,Used,Third Party,17.0,1.16,1,2015-06-17,Other,1.16,0.0,1.16,2015,6,16,1,Tuesday
523,2015-06-18,Books,New,Amazon,3.0,1.0,1,2015-06-19,USPS,1.0,0.07,1.07,2015,6,18,3,Thursday
525,2015-07-12,Health & Beauty,New,Third Party,89.99,49.99,1,2015-07-12,AMZN,49.99,0.0,49.99,2015,7,12,6,Sunday
526,2015-07-21,Home,New,Amazon,33.4,14.88,1,2015-07-21,USPS,14.88,1.04,15.92,2015,7,21,1,Tuesday
527,2015-07-21,Home,New,Amazon,41.39,22.24,1,2015-07-21,USPS,22.24,1.42,23.66,2015,7,21,1,Tuesday
528,2015-07-21,Health & Beauty,New,Amazon,21.21,13.38,3,2015-07-21,USPS,40.14,0.0,40.14,2015,7,21,1,Tuesday
529,2015-07-24,Books,Used,Third Party,19.95,4.54,1,2015-07-26,USPS,4.54,0.0,4.54,2015,7,24,4,Friday
530,2015-07-24,Sports & Outdoor,New,Amazon,25.99,21.22,1,2015-07-24,AMZN,21.22,1.49,22.71,2015,7,24,4,Friday
531,2015-07-24,Books,Used,Third Party,301.95,10.0,1,2015-07-27,USPS,10.0,0.0,10.0,2015,7,24,4,Friday
532,2015-07-24,Books,Used,Third Party,66.95,1.78,1,2015-07-27,DHL,1.78,0.0,1.78,2015,7,24,4,Friday
533,2015-07-24,Books,Used,Third Party,14.0,6.99,1,2015-07-26,USPS,6.99,0.0,6.99,2015,7,24,4,Friday
535,2015-08-18,Health & Beauty,New,Amazon,14.99,7.69,1,2015-08-19,USPS,7.69,0.0,7.69,2015,8,18,1,Tuesday
536,2015-08-18,Health & Beauty,New,Amazon,23.99,11.97,1,2015-08-19,USPS,11.97,0.0,11.97,2015,8,18,1,Tuesday
537,2015-08-18,Health & Beauty,New,Amazon,14.99,7.99,1,2015-08-19,USPS,7.99,0.0,7.99,2015,8,18,1,Tuesday
538,2015-08-18,Electronics,New,Amazon,39.99,22.99,1,2015-08-19,USPS,22.99,1.61,24.6,2015,8,18,1,Tuesday
539,2015-08-18,Health & Beauty,New,Amazon,18.99,10.39,1,2015-08-19,USPS,10.39,0.0,10.39,2015,8,18,1,Tuesday
540,2015-08-18,Computer,New,Third Party,8.99,8.99,1,2015-08-19,USPS,8.99,0.0,8.99,2015,8,18,1,Tuesday
541,2015-08-22,Computer,New,Amazon,5.09,4.49,1,2015-08-22,AMZN,4.49,0.31,4.8,2015,8,22,5,Saturday
543,2015-08-22,Unknown,New,Third Party,19.99,5.99,1,2015-08-24,UPS,5.99,0.0,5.99,2015,8,22,5,Saturday
545,2015-09-05,Unknown,New,Third Party,39.98,10.99,1,2015-09-06,AMZN,10.99,0.0,10.99,2015,9,5,5,Saturday
549,2015-09-19,Computer,New,Third Party,22.99,9.99,1,2015-09-20,USPS,9.99,0.0,9.99,2015,9,19,5,Saturday
550,2015-09-29,Books,New,Amazon,49.99,26.27,1,2015-09-29,USPS,26.27,1.84,28.11,2015,9,29,1,Tuesday
553,2015-10-19,Health & Beauty,New,Amazon,23.99,11.97,2,2015-10-19,USPS,23.94,0.0,23.94,2015,10,19,0,Monday
555,2015-10-28,Electronics,New,Third Party,9.95,3.04,1,2015-10-28,USPS,3.04,0.0,3.04,2015,10,28,2,Wednesday
556,2015-10-31,Health & Beauty,New,Third Party,8.99,8.99,1,2015-11-02,USPS,8.99,0.63,9.62,2015,10,31,5,Saturday
557,2015-11-09,Home,New,Amazon,6.99,6.99,1,2015-11-10,USPS,6.99,0.49,7.48,2015,11,9,0,Monday
559,2015-12-02,Office,New,Amazon,11.99,10.58,1,2015-12-02,USPS,10.58,0.74,11.32,2015,12,2,2,Wednesday
560,2015-12-02,Auto & Tools,New,Amazon,4.19,3.47,1,2015-12-02,USPS,3.47,0.24,3.71,2015,12,2,2,Wednesday
561,2015-12-02,Unknown,New,Third Party,10.52,7.17,1,2015-12-02,USPS,7.17,0.0,7.17,2015,12,2,2,Wednesday
562,2015-12-07,Home,New,Amazon,92.0,45.99,1,2015-12-07,UPS,45.99,3.22,49.21,2015,12,7,0,Monday
563,2015-12-11,Home,New,Amazon,92.0,45.99,1,2015-12-11,USPS,45.99,3.22,49.21,2015,12,11,4,Friday
567,2015-12-17,Other,New,Third Party,129.0,33.99,1,2015-12-17,USPS,33.99,0.0,33.99,2015,12,17,3,Thursday
568,2015-12-17,Other,New,Third Party,129.0,33.99,1,2015-12-20,UPS,33.99,0.0,33.99,2015,12,17,3,Thursday
569,2015-12-23,Other,New,Amazon,50.0,50.0,1,2015-12-23,Other,50.0,0.0,50.0,2015,12,23,2,Wednesday
571,2015-12-29,Health & Beauty,New,Amazon,69.99,59.95,1,2015-12-29,Other,59.95,4.2,64.15,2015,12,29,1,Tuesday
576,2016-01-19,Apparel,New,Amazon,100.0,70.58,1,2016-01-19,USPS,70.58,0.0,70.58,2016,1,19,1,Tuesday
577,2016-01-19,Apparel,New,Amazon,100.0,73.4,1,2016-01-19,UPS,73.4,0.0,73.4,2016,1,19,1,Tuesday
578,2016-01-21,Computer,New,Third Party,19.99,8.99,1,2016-01-26,AMZN,8.99,0.0,8.99,2016,1,21,3,Thursday
579,2016-02-02,Health & Beauty,New,Amazon,21.99,19.97,2,2016-02-03,Other,39.94,2.8,42.74,2016,2,2,1,Tuesday
581,2016-02-15,Computer,New,Amazon,21.91,11.09,1,2016-02-21,USPS,11.09,0.78,11.87,2016,2,15,0,Monday
584,2016-02-24,Electronics,New,Amazon,4.99,4.45,1,2016-02-26,AMZN,4.45,0.31,4.76,2016,2,24,2,Wednesday
585,2016-02-24,Computer,New,Amazon,24.99,9.89,1,2016-02-25,UPS,9.89,0.69,10.58,2016,2,24,2,Wednesday
586,2016-02-24,Computer,New,Amazon,119.99,74.99,1,2016-02-26,AMZN,74.99,5.25,80.24,2016,2,24,2,Wednesday
587,2016-02-24,Computer,New,Third Party,14.99,6.99,1,2016-02-26,AMZN,6.99,0.0,6.99,2016,2,24,2,Wednesday
588,2016-02-26,Health & Beauty,New,Amazon,17.53,11.49,1,2016-02-27,AMZN,11.49,0.8,12.29,2016,2,26,4,Friday
589,2016-02-29,Computer,New,Amazon,109.0,65.59,1,2016-02-29,USPS,65.59,4.59,70.18,2016,2,29,0,Monday
591,2016-02-29,Unknown,New,Third Party,5.95,7.99,1,2016-02-29,USPS,7.99,0.0,7.99,2016,2,29,0,Monday
592,2016-03-01,Computer,New,Third Party,24.99,9.99,1,2016-03-02,USPS,9.99,0.0,9.99,2016,3,1,1,Tuesday
593,2016-03-03,Unknown,New,Third Party,47.0,7.49,1,2016-03-04,USPS,7.49,0.0,7.49,2016,3,3,3,Thursday
594,2016-03-03,Computer,New,Amazon,177.99,63.98,1,2016-03-04,AMZN,63.98,4.48,68.46,2016,3,3,3,Thursday
598,2016-03-14,Computer,New,Amazon,119.99,79.99,1,2016-03-14,UPS,79.99,5.6,85.59,2016,3,14,0,Monday
599,2016-03-18,Electronics,New,Third Party,32.99,10.99,1,2016-03-19,AMZN,10.99,0.0,10.99,2016,3,18,4,Friday
600,2016-03-24,Sports & Outdoor,New,Third Party,29.99,17.99,1,2016-03-26,USPS,17.99,0.0,17.99,2016,3,24,3,Thursday
602,2016-03-27,Health & Beauty,New,Amazon,18.99,9.28,1,2016-03-28,UPS,9.28,0.0,9.28,2016,3,27,6,Sunday
603,2016-03-27,Health & Beauty,New,Amazon,14.99,8.99,1,2016-03-28,AMZN,8.99,0.0,8.99,2016,3,27,6,Sunday
604,2016-03-27,Health & Beauty,New,Amazon,23.99,11.32,2,2016-03-28,UPS,22.64,0.0,22.64,2016,3,27,6,Sunday
605,2016-03-28,Apparel,New,Third Party,79.98,9.98,1,2016-03-28,AMZN,9.98,0.0,9.98,2016,3,28,0,Monday
606,2016-03-28,Apparel,New,Third Party,79.98,9.98,1,2016-03-31,USPS,9.98,0.0,9.98,2016,3,28,0,Monday
607,2016-03-28,Apparel,New,Third Party,79.98,9.98,1,2016-03-28,AMZN,9.98,0.0,9.98,2016,3,28,0,Monday
608,2016-04-17,Health & Beauty,New,Third Party,21.4,12.82,1,2016-04-18,AMZN,12.82,0.0,12.82,2016,4,17,6,Sunday
609,2016-04-18,Health & Beauty,New,Amazon,24.49,14.82,1,2016-04-19,AMZN,14.82,1.04,15.86,2016,4,18,0,Monday
611,2016-04-22,Health & Beauty,New,Amazon,24.47,11.0,1,2016-04-23,AMZN,11.0,0.0,11.0,2016,4,22,4,Friday
612,2016-04-22,Apparel,New,Third Party,79.98,9.98,1,2016-04-23,AMZN,9.98,0.0,9.98,2016,4,22,4,Friday
615,2016-05-05,Home,New,Amazon,44.0,27.49,1,2016-05-06,AMZN,27.49,1.92,29.41,2016,5,5,3,Thursday
619,2016-06-26,Sports & Outdoor,New,Amazon,11.99,7.99,1,2016-06-26,AMZN,7.99,0.56,8.55,2016,6,26,6,Sunday
626,2016-11-22,Health & Beauty,New,Amazon,19.99,9.99,1,2016-11-22,AMZN,9.99,0.7,10.69,2016,11,22,1,Tuesday
627,2016-11-22,Home,New,Amazon,10.99,10.0,1,2016-11-22,AMZN,10.0,0.7,10.7,2016,11,22,1,Tuesday
628,2016-11-24,Books,New,Amazon,21.95,13.24,1,2016-11-25,USPS,13.24,0.57,13.81,2016,11,24,3,Thursday
629,2016-11-24,Books,New,Amazon,17.0,9.55,1,2016-11-25,USPS,9.55,0.41,9.96,2016,11,24,3,Thursday
630,2016-11-24,Books,New,Amazon,3.0,3.0,1,2016-11-25,USPS,3.0,0.13,3.13,2016,11,24,3,Thursday
632,2016-11-28,Grocery,New,Amazon,26.04,15.6,1,2016-11-29,AMZN,15.6,0.0,15.6,2016,11,28,0,Monday
633,2017-02-02,Grocery,New,Amazon,31.92,17.94,1,2017-02-02,AMZN,17.94,0.0,17.94,2017,2,2,3,Thursday
634,2017-02-02,Health & Beauty,New,Amazon,23.99,10.36,2,2017-02-02,USPS,20.72,0.0,20.72,2017,2,2,3,Thursday
635,2017-02-02,Electronics,New,Amazon,99.0,69.99,1,2017-02-02,AMZN,69.99,4.81,74.8,2017,2,2,3,Thursday
636,2017-02-06,Electronics,New,Amazon,18.95,10.09,1,2017-02-06,AMZN,10.09,0.69,10.78,2017,2,6,0,Monday
637,2017-02-16,Apparel,New,Third Party,89.98,12.98,1,2017-02-16,AMZN,12.98,0.0,12.98,2017,2,16,3,Thursday
639,2017-02-20,Apparel,New,Third Party,89.98,12.98,1,2017-02-20,AMZN,12.98,0.0,12.98,2017,2,20,0,Monday
640,2017-03-05,Home,New,Third Party,34.99,10.99,1,2017-03-06,AMZN,10.99,0.0,10.99,2017,3,5,6,Sunday
641,2017-03-23,Other,New,Amazon,50.0,25.0,1,2017-03-23,Other,25.0,0.0,25.0,2017,3,23,3,Thursday
642,2017-04-05,Grocery,New,Amazon,44.99,22.19,1,2017-04-06,AMZN,22.19,0.0,22.19,2017,4,5,2,Wednesday
643,2017-04-06,Health & Beauty,New,Third Party,6.89,9.47,1,2017-04-09,UPS,9.47,0.0,9.47,2017,4,6,3,Thursday
644,2017-04-06,Books,New,Amazon,23.0,15.32,1,2017-04-09,UPS,15.32,1.05,16.37,2017,4,6,3,Thursday
645,2017-04-09,Grocery,New,Amazon,2.09,1.48,2,2017-04-10,USPS,2.96,0.0,2.96,2017,4,9,6,Sunday
647,2017-04-09,Health & Beauty,New,Amazon,14.99,6.78,2,2017-04-10,USPS,13.56,0.0,13.56,2017,4,9,6,Sunday
648,2017-04-09,Grocery,New,Amazon,4.99,2.99,2,2017-04-10,USPS,5.98,0.0,5.98,2017,4,9,6,Sunday
649,2017-04-17,Grocery,New,Amazon,44.99,22.19,1,2017-04-17,AMZN,22.19,0.0,22.19,2017,4,17,0,Monday
657,2017-04-26,Health & Beauty,New,Third Party,21.0,13.32,1,2017-04-27,AMZN,13.32,0.0,13.32,2017,4,26,2,Wednesday
658,2017-04-26,Health & Beauty,New,Amazon,9.21,9.21,1,2017-04-26,Other,9.21,0.0,9.21,2017,4,26,2,Wednesday
659,2017-04-26,Health & Beauty,New,Amazon,12.11,9.77,1,2017-04-26,Other,9.77,0.0,9.77,2017,4,26,2,Wednesday
660,2017-04-30,Health & Beauty,New,Amazon,32.9,21.12,1,2017-05-01,AMZN,21.12,0.0,21.12,2017,4,30,6,Sunday
661,2017-04-30,Electronics,New,Amazon,12.49,12.49,1,2017-05-01,AMZN,12.49,0.86,13.35,2017,4,30,6,Sunday
662,2017-04-30,Electronics,New,Third Party,24.99,8.8,1,2017-05-01,AMZN,8.8,0.0,8.8,2017,4,30,6,Sunday
663,2017-04-30,Apparel,New,Amazon,68.0,34.99,1,2017-05-01,AMZN,34.99,0.0,34.99,2017,4,30,6,Sunday
664,2017-04-30,Apparel,New,Amazon,68.0,34.99,1,2017-05-01,AMZN,34.99,0.0,34.99,2017,4,30,6,Sunday
665,2017-05-04,Health & Beauty,New,Amazon,13.49,7.79,1,2017-05-04,AMZN,7.79,0.0,7.79,2017,5,4,3,Thursday
666,2017-05-04,Health & Beauty,New,Amazon,24.96,12.16,1,2017-05-04,AMZN,12.16,0.0,12.16,2017,5,4,3,Thursday
667,2017-05-04,Grocery,New,Amazon,5.99,4.53,1,2017-05-04,AMZN,4.53,0.0,4.53,2017,5,4,3,Thursday
668,2017-05-04,Health & Beauty,New,Amazon,13.99,9.34,1,2017-05-04,AMZN,9.34,0.64,9.98,2017,5,4,3,Thursday
669,2017-05-13,Health & Beauty,New,Third Party,21.0,13.32,1,2017-05-14,AMZN,13.32,0.0,13.32,2017,5,13,5,Saturday
670,2017-05-13,Health & Beauty,New,Amazon,48.95,19.49,1,2017-05-14,AMZN,19.49,0.0,19.49,2017,5,13,5,Saturday
671,2017-05-13,Health & Beauty,New,Amazon,43.15,18.2,1,2017-05-14,AMZN,18.2,0.0,18.2,2017,5,13,5,Saturday
672,2017-05-25,Grocery,New,Amazon,44.99,25.49,1,2017-05-26,AMZN,25.49,0.0,25.49,2017,5,25,3,Thursday
673,2017-05-30,Health & Beauty,New,Amazon,9.99,6.39,2,2017-05-31,AMZN,12.78,0.0,12.78,2017,5,30,1,Tuesday
674,2017-05-30,Grocery,New,Amazon,44.99,22.19,1,2017-05-31,AMZN,22.19,0.0,22.19,2017,5,30,1,Tuesday
675,2017-06-04,Unknown,New,Third Party,69.99,20.99,1,2017-06-05,AMZN,20.99,0.0,20.99,2017,6,4,6,Sunday
676,2017-06-05,Computer,New,Amazon,39.99,26.99,1,2017-06-06,AMZN,26.99,1.86,28.85,2017,6,5,0,Monday
677,2017-06-06,Entertainment,Used,Third Party,23.98,16.99,1,2017-06-06,USPS,16.99,0.0,16.99,2017,6,6,1,Tuesday
679,2017-06-11,Computer,New,Amazon,49.99,19.89,1,2017-06-12,AMZN,19.89,1.37,21.26,2017,6,11,6,Sunday
681,2017-06-16,Health & Beauty,New,Amazon,38.36,24.87,1,2017-06-17,USPS,24.87,0.0,24.87,2017,6,16,4,Friday
682,2017-06-16,Apparel,New,Amazon,55.0,29.99,1,2017-06-17,AMZN,29.99,2.06,32.05,2017,6,16,4,Friday
684,2017-06-26,Health & Beauty,New,Amazon,14.49,8.69,1,2017-06-26,AMZN,8.69,0.0,8.69,2017,6,26,0,Monday
685,2017-07-02,Health & Beauty,New,Third Party,21.0,13.31,2,2017-07-03,AMZN,26.62,0.0,26.62,2017,7,2,6,Sunday
686,2017-07-03,Home,New,Amazon,8.97,8.97,1,2017-07-05,AMZN,8.97,0.62,9.59,2017,7,3,0,Monday
687,2017-07-07,Electronics,New,Amazon,18.49,12.59,1,2017-07-07,AMZN,12.59,0.87,13.46,2017,7,7,4,Friday
688,2017-07-10,Health & Beauty,New,Third Party,13.26,13.26,1,2017-07-11,UPS,13.26,0.0,13.26,2017,7,10,0,Monday
689,2017-07-10,Apparel,New,Amazon,65.0,42.99,1,2017-07-11,UPS,42.99,0.0,42.99,2017,7,10,0,Monday
690,2017-07-10,Apparel,New,Amazon,60.0,38.64,1,2017-07-11,UPS,38.64,0.0,38.64,2017,7,10,0,Monday
691,2017-07-11,Apparel,New,Third Party,89.98,13.98,1,2017-07-12,USPS,13.98,0.0,13.98,2017,7,11,1,Tuesday
694,2017-07-11,Auto & Tools,New,Amazon,32.2,15.08,1,2017-07-13,AMZN,15.08,1.04,16.12,2017,7,11,1,Tuesday
695,2017-07-11,Auto & Tools,New,Amazon,21.26,7.46,1,2017-07-13,AMZN,7.46,0.51,7.97,2017,7,11,1,Tuesday
696,2017-07-11,Auto & Tools,New,Amazon,15.88,8.99,1,2017-07-13,AMZN,8.99,0.62,9.61,2017,7,11,1,Tuesday
697,2017-07-12,Health & Beauty,New,Third Party,39.99,10.0,1,2017-07-13,AMZN,10.0,0.0,10.0,2017,7,12,2,Wednesday
698,2017-07-12,Unknown,New,Third Party,23.99,17.99,1,2017-07-13,AMZN,17.99,0.0,17.99,2017,7,12,2,Wednesday
701,2017-07-14,Health & Beauty,New,Third Party,24.0,21.95,1,2017-07-15,Other,21.95,0.0,21.95,2017,7,14,4,Friday
702,2017-07-18,Auto & Tools,New,Amazon,7.99,9.26,1,2017-07-18,AMZN,9.26,0.64,9.9,2017,7,18,1,Tuesday
703,2017-07-18,Auto & Tools,New,Third Party,34.99,11.9,1,2017-07-18,AMZN,11.9,0.0,11.9,2017,7,18,1,Tuesday
704,2017-08-03,Office,New,Third Party,18.78,10.77,1,2017-08-05,UPS,10.77,0.0,10.77,2017,8,3,3,Thursday
705,2017-08-10,Health & Beauty,New,Third Party,21.0,13.29,2,2017-08-11,AMZN,26.58,0.0,26.58,2017,8,10,3,Thursday
706,2017-08-10,Health & Beauty,New,Third Party,21.0,13.42,1,2017-08-11,AMZN,13.42,0.0,13.42,2017,8,10,3,Thursday
707,2017-08-14,Health & Beauty,New,Amazon,36.99,29.0,1,2017-08-14,UPS,29.0,1.99,30.99,2017,8,14,0,Monday
708,2017-08-14,Health & Beauty,New,Amazon,69.99,59.95,1,2017-08-14,UPS,59.95,4.12,64.07,2017,8,14,0,Monday
709,2017-08-14,Health & Beauty,New,Third Party,68.0,24.97,1,2017-08-14,UPS,24.97,0.0,24.97,2017,8,14,0,Monday
710,2017-08-14,Health & Beauty,New,Third Party,12.41,9.99,1,2017-08-15,USPS,9.99,0.69,10.68,2017,8,14,0,Monday
711,2017-08-17,Electronics,New,Third Party,9.99,9.99,1,2017-08-18,AMZN,9.99,0.0,9.99,2017,8,17,3,Thursday
714,2017-08-17,Apparel,New,Third Party,89.98,13.98,1,2017-08-18,AMZN,13.98,0.0,13.98,2017,8,17,3,Thursday
715,2017-08-23,Health & Beauty,New,Amazon,120.0,55.45,1,2017-08-24,UPS,55.45,3.81,59.26,2017,8,23,2,Wednesday
717,2017-09-02,Auto & Tools,New,Third Party,29.99,9.97,1,2017-09-02,Other,9.97,0.0,9.97,2017,9,2,5,Saturday
719,2017-09-21,Health & Beauty,New,Third Party,85.0,45.02,1,2017-09-24,UPS,45.02,0.0,45.02,2017,9,21,3,Thursday
720,2017-12-18,Other,New,Third Party,85.0,85.0,1,2017-12-18,USPS,85.0,0.0,85.0,2017,12,18,0,Monday
721,2018-09-14,Health & Beauty,New,Amazon,15.98,12.98,1,2018-09-16,UPS,12.98,0.86,13.84,2018,9,14,4,Friday
723,2018-09-15,Health & Beauty,New,Third Party,120.0,53.33,1,2018-09-16,UPS,53.33,3.53,56.86,2018,9,15,5,Saturday
724,2018-09-15,Health & Beauty,New,Amazon,120.0,53.34,1,2018-09-16,UPS,53.34,3.53,56.87,2018,9,15,5,Saturday
725,2018-09-16,Health & Beauty,New,Amazon,36.99,29.95,1,2018-09-17,AMZN,29.95,1.98,31.93,2018,9,16,6,Sunday
726,2018-09-16,Health & Beauty,New,Third Party,34.95,26.97,1,2018-09-17,AMZN,26.97,1.79,28.76,2018,9,16,6,Sunday
728,2018-09-19,Auto & Tools,New,Amazon,6.39,6.73,1,2018-09-20,AMZN,6.73,0.45,7.18,2018,9,19,2,Wednesday
729,2018-09-19,Auto & Tools,New,Amazon,27.99,16.85,1,2018-09-20,AMZN,16.85,1.12,17.97,2018,9,19,2,Wednesday
731,2018-09-19,Auto & Tools,New,Amazon,15.88,12.51,1,2018-09-20,AMZN,12.51,0.83,13.34,2018,9,19,2,Wednesday
732,2018-09-21,Computer,New,Third Party,19.99,7.49,1,2018-09-22,AMZN,7.49,0.0,7.49,2018,9,21,4,Friday
733,2018-09-21,Computer,New,Amazon,56.24,34.61,1,2018-09-22,AMZN,34.61,2.29,36.9,2018,9,21,4,Friday
734,2018-09-24,Computer,New,Amazon,89.99,59.93,1,2018-09-25,AMZN,59.93,3.97,63.9,2018,9,24,0,Monday
735,2018-09-26,Electronics,New,Amazon,9.99,9.99,1,2018-09-27,AMZN,9.99,0.66,10.65,2018,9,26,2,Wednesday
736,2018-09-26,Sports & Outdoor,New,Third Party,10.5,12.72,1,2018-09-27,AMZN,12.72,0.84,13.56,2018,9,26,2,Wednesday
738,2018-09-26,Health & Beauty,New,Amazon,9.99,9.99,1,2018-09-27,AMZN,9.99,0.66,10.65,2018,9,26,2,Wednesday
739,2018-09-26,Other,New,Amazon,11.0,4.06,1,2018-09-27,AMZN,4.06,0.27,4.33,2018,9,26,2,Wednesday
743,2018-09-29,Health & Beauty,New,Third Party,48.5,28.77,1,2018-09-30,AMZN,28.77,1.43,30.2,2018,9,29,5,Saturday
744,2018-10-03,Health & Beauty,New,Amazon,14.99,13.27,1,2018-10-04,AMZN,13.27,0.88,14.15,2018,10,3,2,Wednesday
745,2018-10-03,Health & Beauty,New,Amazon,13.65,9.22,1,2018-10-04,AMZN,9.22,0.61,9.83,2018,10,3,2,Wednesday
747,2018-10-03,Health & Beauty,New,Third Party,17.99,14.99,1,2018-10-05,AMZN,14.99,0.0,14.99,2018,10,3,2,Wednesday
748,2018-10-03,Health & Beauty,New,Amazon,9.99,9.74,1,2018-10-05,AMZN,9.74,0.65,10.39,2018,10,3,2,Wednesday
749,2018-10-05,Electronics,New,Third Party,14.99,7.99,1,2018-10-06,AMZN,7.99,0.53,8.52,2018,10,5,4,Friday
750,2018-10-05,Computer,New,Amazon,9.99,7.99,1,2018-10-06,AMZN,7.99,0.53,8.52,2018,10,5,4,Friday
754,2018-10-09,Home,New,Amazon,145.0,61.99,1,2018-10-09,AMZN,61.99,4.11,66.1,2018,10,9,1,Tuesday
756,2018-10-09,Sports & Outdoor,New,Third Party,10.95,11.99,1,2018-10-11,USPS,11.99,0.79,12.78,2018,10,9,1,Tuesday
759,2018-10-10,Computer,New,Amazon,129.99,109.99,1,2018-10-11,USPS,109.99,7.29,117.28,2018,10,10,2,Wednesday
760,2018-10-10,Computer,New,Amazon,249.99,227.99,1,2018-10-10,AMZN,227.99,15.1,243.09,2018,10,10,2,Wednesday
761,2018-10-15,Computer,New,Amazon,249.99,227.99,1,2018-10-15,AMZN,227.99,15.1,243.09,2018,10,15,0,Monday
762,2018-10-16,Grocery,New,Amazon,44.99,19.23,2,2018-10-17,AMZN,38.46,0.0,38.46,2018,10,16,1,Tuesday
763,2018-10-16,Electronics,New,Amazon,50.71,50.71,1,2018-10-18,AMZN,50.71,3.36,54.07,2018,10,16,1,Tuesday
764,2018-10-17,Books,New,Third Party,150.0,53.99,1,2018-10-18,USPS,53.99,3.58,57.57,2018,10,17,2,Wednesday
768,2018-10-21,Computer,New,Third Party,24.99,9.99,2,2018-10-22,AMZN,19.98,0.0,19.98,2018,10,21,6,Sunday
770,2018-10-21,Electronics,New,Amazon,37.98,37.98,1,2018-10-22,USPS,37.98,2.52,40.5,2018,10,21,6,Sunday
773,2018-10-24,Computer,New,Third Party,24.99,9.99,2,2018-10-24,AMZN,19.98,0.0,19.98,2018,10,24,2,Wednesday
774,2018-10-24,Health & Beauty,New,Third Party,18.95,11.95,1,2018-10-24,AMZN,11.95,0.0,11.95,2018,10,24,2,Wednesday
775,2018-10-24,Computer,New,Amazon,14.99,9.59,4,2018-10-25,AMZN,38.36,2.56,40.92,2018,10,24,2,Wednesday
777,2018-10-28,Electronics,New,Third Party,21.99,11.99,1,2018-10-30,AMZN,11.99,0.79,12.78,2018,10,28,6,Sunday
779,2018-10-28,Electronics,New,Amazon,37.98,37.98,1,2018-10-29,AMZN,37.98,2.52,40.5,2018,10,28,6,Sunday
782,2018-11-04,Computer,New,Amazon,99.99,99.99,1,2018-11-06,AMZN,99.99,6.62,106.61,2018,11,4,6,Sunday
783,2018-11-04,Home,New,Third Party,25.0,13.99,1,2018-11-06,AMZN,13.99,0.93,14.92,2018,11,4,6,Sunday
787,2018-11-06,Computer,New,Amazon,99.0,87.99,1,2018-11-07,USPS,87.99,5.83,93.82,2018,11,6,1,Tuesday
788,2018-11-06,Computer,New,Amazon,79.0,73.55,1,2018-11-07,USPS,73.55,4.87,78.42,2018,11,6,1,Tuesday
790,2018-11-07,Computer,New,Amazon,49.99,24.99,1,2018-11-08,AMZN,24.99,1.66,26.65,2018,11,7,2,Wednesday
794,2018-11-11,Computer,New,Amazon,13.99,13.99,1,2018-11-12,AMZN,13.99,0.93,14.92,2018,11,11,6,Sunday
795,2018-11-11,Electronics,New,Third Party,13.99,5.99,1,2018-11-12,AMZN,5.99,0.4,6.39,2018,11,11,6,Sunday
798,2018-11-11,Grocery,New,Amazon,44.99,21.71,2,2018-11-12,AMZN,43.42,0.0,43.42,2018,11,11,6,Sunday
799,2018-11-13,Apparel,New,Amazon,75.0,45.99,1,2018-11-14,AMZN,45.99,0.0,45.99,2018,11,13,1,Tuesday
800,2018-11-13,Apparel,New,Amazon,64.95,53.12,1,2018-11-14,AMZN,53.12,0.0,53.12,2018,11,13,1,Tuesday
801,2018-11-18,Apparel,New,Amazon,75.0,45.99,1,2018-11-20,AMZN,45.99,0.0,45.99,2018,11,18,6,Sunday
802,2018-11-18,Apparel,New,Amazon,64.95,53.12,1,2018-11-20,AMZN,53.12,0.0,53.12,2018,11,18,6,Sunday
803,2018-11-18,Electronics,New,Third Party,59.99,49.99,1,2018-11-19,AMZN,49.99,3.11,53.1,2018,11,18,6,Sunday
804,2018-11-20,Computer,New,Amazon,99.99,99.99,1,2018-11-20,AMZN,99.99,6.62,106.61,2018,11,20,1,Tuesday
805,2018-11-20,Home,New,Third Party,25.0,13.99,1,2018-11-21,AMZN,13.99,0.93,14.92,2018,11,20,1,Tuesday
808,2018-11-23,Computer,New,Amazon,19.99,19.99,1,2018-11-24,USPS,19.99,1.32,21.31,2018,11,23,4,Friday
809,2018-11-23,Electronics,New,Third Party,19.99,11.99,2,2018-11-24,USPS,23.98,1.58,25.56,2018,11,23,4,Friday
810,2018-11-26,Health & Beauty,New,Third Party,28.99,18.95,1,2018-11-27,UPS,18.95,0.81,19.76,2018,11,26,0,Monday
811,2018-11-26,Health & Beauty,New,Third Party,39.99,23.95,1,2018-11-27,UPS,23.95,0.89,24.84,2018,11,26,0,Monday
812,2018-11-26,Health & Beauty,New,Third Party,12.58,10.09,1,2018-11-27,UPS,10.09,0.67,10.76,2018,11,26,0,Monday
815,2018-12-02,Health & Beauty,New,Amazon,11.97,10.41,1,2018-12-02,USPS,10.41,0.48,10.89,2018,12,2,6,Sunday
816,2018-12-02,Health & Beauty,New,Amazon,6.89,6.19,4,2018-12-03,UPS,24.76,1.64,26.4,2018,12,2,6,Sunday
817,2018-12-07,Auto & Tools,New,Third Party,42.87,36.87,1,2018-12-11,AMZN,36.87,2.44,39.31,2018,12,7,4,Friday
818,2018-12-07,Electronics,New,Third Party,41.99,23.99,1,2018-12-08,AMZN,23.99,1.59,25.58,2018,12,7,4,Friday
820,2018-12-07,Home,New,Amazon,8.8,5.97,1,2018-12-08,AMZN,5.97,0.4,6.37,2018,12,7,4,Friday
821,2018-12-07,Home,New,Amazon,99.95,69.95,1,2018-12-09,USPS,69.95,4.63,74.58,2018,12,7,4,Friday
822,2018-12-11,Other,New,Amazon,50.0,13.76,1,2018-12-11,Other,13.76,0.0,13.76,2018,12,11,1,Tuesday
823,2018-12-11,Grocery,New,Amazon,44.99,21.71,2,2018-12-12,AMZN,43.42,0.0,43.42,2018,12,11,1,Tuesday
824,2018-12-21,Health & Beauty,New,Third Party,12.58,7.0,1,2018-12-26,UPS,7.0,0.46,7.46,2018,12,21,4,Friday
825,2018-12-22,Health & Beauty,New,Amazon,15.98,12.98,1,2018-12-23,UPS,12.98,0.86,13.84,2018,12,22,5,Saturday
827,2018-12-27,Health & Beauty,New,Third Party,21.0,16.99,2,2018-12-28,AMZN,33.98,0.0,33.98,2018,12,27,3,Thursday
828,2018-12-31,Grocery,New,Amazon,44.99,21.71,2,2019-01-10,AMZN,43.42,0.0,43.42,2018,12,31,0,Monday
829,2019-01-13,Other,New,Amazon,50.0,134.25,1,2019-01-13,Other,134.25,0.0,134.25,2019,1,13,6,Sunday
830,2019-01-14,Office,New,Third Party,14.99,9.99,2,2019-01-14,AMZN,19.98,1.32,21.3,2019,1,14,0,Monday
831,2019-01-15,Other,New,Amazon,720.0,283.86,1,2019-01-16,UPS,283.86,18.81,302.67,2019,1,15,1,Tuesday
832,2019-01-23,Computer,New,Third Party,15.99,14.99,1,2019-01-23,AMZN,14.99,0.99,15.98,2019,1,23,2,Wednesday
833,2019-01-23,Electronics,New,Third Party,34.99,17.95,1,2019-01-23,AMZN,17.95,1.19,19.14,2019,1,23,2,Wednesday
834,2019-01-23,Computer,New,Third Party,23.99,17.99,1,2019-01-23,AMZN,17.99,0.93,18.92,2019,1,23,2,Wednesday
836,2019-01-25,Other,New,Third Party,19.98,7.98,1,2019-01-25,AMZN,7.98,0.53,8.51,2019,1,25,4,Friday
837,2019-02-10,Grocery,New,Amazon,44.99,25.43,1,2019-02-11,AMZN,25.43,0.0,25.43,2019,2,10,6,Sunday
838,2019-02-10,Grocery,New,Amazon,44.99,21.71,2,2019-02-11,AMZN,43.42,0.0,43.42,2019,2,10,6,Sunday
839,2019-02-11,Health & Beauty,New,Third Party,57.0,37.43,1,2019-02-11,AMZN,37.43,0.0,37.43,2019,2,11,0,Monday
840,2019-02-17,Home,New,Amazon,89.99,59.0,1,2019-02-17,AMZN,59.0,3.91,62.91,2019,2,17,6,Sunday
841,2019-02-24,Health & Beauty,New,Third Party,12.58,7.0,1,2019-02-25,UPS,7.0,0.46,7.46,2019,2,24,6,Sunday
842,2019-02-24,Computer,New,Third Party,119.9,18.99,1,2019-02-25,AMZN,18.99,1.26,20.25,2019,2,24,6,Sunday
844,2019-02-24,Other,New,Third Party,59.99,25.99,1,2019-02-25,AMZN,25.99,1.55,27.54,2019,2,24,6,Sunday
845,2019-02-24,Other,New,Third Party,59.99,25.99,1,2019-02-25,AMZN,25.99,1.55,27.54,2019,2,24,6,Sunday
846,2019-02-25,Apparel,New,Amazon,12.99,12.99,1,2019-02-26,AMZN,12.99,0.0,12.99,2019,2,25,0,Monday
847,2019-02-25,Apparel,New,Amazon,18.95,10.0,1,2019-02-26,AMZN,10.0,0.0,10.0,2019,2,25,0,Monday
848,2019-02-25,Apparel,New,Amazon,12.99,12.99,1,2019-02-26,AMZN,12.99,0.0,12.99,2019,2,25,0,Monday
849,2019-02-25,Apparel,New,Amazon,18.95,11.73,1,2019-02-26,AMZN,11.73,0.0,11.73,2019,2,25,0,Monday
850,2019-02-25,Apparel,New,Amazon,11.0,11.0,1,2019-02-26,AMZN,11.0,0.0,11.0,2019,2,25,0,Monday
851,2019-02-27,Other,New,Third Party,59.99,25.99,1,2019-02-27,AMZN,25.99,1.72,27.71,2019,2,27,2,Wednesday
854,2019-03-05,Apparel,New,Amazon,18.95,9.99,1,2019-03-05,AMZN,9.99,0.0,9.99,2019,3,5,1,Tuesday
855,2019-03-05,Health & Beauty,New,Third Party,21.0,16.99,1,2019-03-05,AMZN,16.99,0.0,16.99,2019,3,5,1,Tuesday
856,2019-03-19,Apparel,New,Amazon,18.95,9.99,1,2019-03-20,AMZN,9.99,0.0,9.99,2019,3,19,1,Tuesday
859,2019-03-23,Apparel,New,Amazon,34.99,7.02,1,2019-03-23,USPS,7.02,0.0,7.02,2019,3,23,5,Saturday
860,2019-03-25,Grocery,New,Amazon,44.99,24.41,2,2019-03-26,AMZN,48.82,0.0,48.82,2019,3,25,0,Monday
862,2019-03-31,Health & Beauty,New,Third Party,13.97,7.0,1,2019-04-01,AMZN,7.0,0.46,7.46,2019,3,31,6,Sunday
863,2019-03-31,Auto & Tools,New,Third Party,22.99,22.99,1,2019-03-31,USPS,22.99,1.52,24.51,2019,3,31,6,Sunday
867,2019-04-02,Computer,New,Amazon,79.99,45.99,1,2019-04-03,AMZN,45.99,3.05,49.04,2019,4,2,1,Tuesday
868,2019-04-04,Electronics,New,Third Party,34.99,17.95,1,2019-04-04,AMZN,17.95,1.19,19.14,2019,4,4,3,Thursday
869,2019-04-04,Apparel,New,Amazon,124.95,124.95,1,2019-04-05,AMZN,124.95,0.0,124.95,2019,4,4,3,Thursday
870,2019-04-04,Apparel,New,Amazon,124.95,124.95,1,2019-04-04,AMZN,124.95,0.0,124.95,2019,4,4,3,Thursday
872,2019-04-08,Health & Beauty,New,Third Party,35.0,30.0,1,2019-04-08,UPS,30.0,1.99,31.99,2019,4,8,0,Monday
873,2019-04-08,Home,New,Third Party,42.95,27.95,1,2019-04-08,AMZN,27.95,1.85,29.8,2019,4,8,0,Monday
874,2019-04-09,Health & Beauty,New,Third Party,12.58,7.0,1,2019-04-09,UPS,7.0,0.46,7.46,2019,4,9,1,Tuesday
876,2019-04-14,Other,New,Third Party,19.99,11.99,1,2019-04-14,AMZN,11.99,0.79,12.78,2019,4,14,6,Sunday
877,2019-04-14,Apparel,New,Amazon,10.0,9.99,2,2019-04-15,AMZN,19.98,0.0,19.98,2019,4,14,6,Sunday
879,2019-04-22,Health & Beauty,New,Amazon,9.99,6.49,3,2019-04-22,AMZN,19.47,1.29,20.76,2019,4,22,0,Monday
880,2019-04-23,Health & Beauty,New,Third Party,12.58,7.0,2,2019-04-24,UPS,14.0,0.92,14.92,2019,4,23,1,Tuesday
881,2019-05-03,Electronics,New,Third Party,13.99,10.99,1,2019-05-05,AMZN,10.99,0.73,11.72,2019,5,3,4,Friday
882,2019-05-03,Auto & Tools,New,Amazon,15.88,13.18,1,2019-05-05,AMZN,13.18,0.87,14.05,2019,5,3,4,Friday
883,2019-05-06,Auto & Tools,New,Amazon,6.96,6.96,1,2019-05-06,USPS,6.96,0.46,7.42,2019,5,6,0,Monday
884,2019-05-17,Electronics,New,Amazon,39.95,25.65,1,2019-05-18,AMZN,25.65,1.7,27.35,2019,5,17,4,Friday
885,2019-05-17,Office,New,Third Party,15.27,8.59,1,2019-05-19,AMZN,8.59,0.57,9.16,2019,5,17,4,Friday
887,2019-05-17,Home,New,Amazon,10.99,9.98,1,2019-05-19,AMZN,9.98,0.66,10.64,2019,5,17,4,Friday
888,2019-05-17,Home,New,Amazon,12.99,11.49,1,2019-05-19,AMZN,11.49,0.76,12.25,2019,5,17,4,Friday
891,2019-05-18,Office,New,Third Party,22.99,9.95,1,2019-05-19,AMZN,9.95,0.66,10.61,2019,5,18,5,Saturday
892,2019-05-18,Office,New,Amazon,8.1,5.9,1,2019-05-19,AMZN,5.9,0.39,6.29,2019,5,18,5,Saturday
893,2019-05-19,Electronics,New,Amazon,18.95,10.69,1,2019-05-19,AMZN,10.69,0.71,11.4,2019,5,19,6,Sunday
894,2019-05-21,Health & Beauty,New,Amazon,20.97,12.0,1,2019-05-21,AMZN,12.0,0.8,12.8,2019,5,21,1,Tuesday
895,2019-05-22,Electronics,New,Amazon,18.75,18.75,1,2019-05-22,UPS,18.75,1.24,19.99,2019,5,22,2,Wednesday
898,2019-05-27,Health & Beauty,New,Amazon,21.21,12.56,2,2019-05-28,AMZN,25.12,0.0,25.12,2019,5,27,0,Monday
899,2019-05-31,Home,New,Amazon,39.99,26.4,1,2019-05-31,AMZN,26.4,1.75,28.15,2019,5,31,4,Friday
900,2019-05-31,Other,New,Amazon,49.99,34.08,1,2019-05-31,AMZN,34.08,2.26,36.34,2019,5,31,4,Friday
902,2019-06-03,Computer,New,Amazon,199.99,159.99,1,2019-06-03,AMZN,159.99,10.6,170.59,2019,6,3,0,Monday
903,2019-06-03,Computer,New,Third Party,49.95,17.02,1,2019-06-03,AMZN,17.02,1.13,18.15,2019,6,3,0,Monday
904,2019-06-03,Computer,New,Amazon,13.99,9.98,1,2019-06-03,AMZN,9.98,0.66,10.64,2019,6,3,0,Monday
905,2019-06-03,Computer,New,Amazon,22.99,15.99,1,2019-06-03,AMZN,15.99,1.06,17.05,2019,6,3,0,Monday
906,2019-06-04,Computer,New,Third Party,49.95,17.0,1,2019-06-04,AMZN,17.0,1.13,18.13,2019,6,4,1,Tuesday
907,2019-06-04,Computer,New,Amazon,13.99,9.97,1,2019-06-04,AMZN,9.97,0.66,10.63,2019,6,4,1,Tuesday
908,2019-06-05,Computer,New,Amazon,13.99,9.98,2,2019-06-05,AMZN,19.96,1.32,21.28,2019,6,5,2,Wednesday
910,2019-06-14,Computer,New,Third Party,22.0,9.99,1,2019-06-14,AMZN,9.99,0.66,10.65,2019,6,14,4,Friday
911,2019-06-14,Computer,New,Amazon,69.99,65.99,1,2019-06-15,AMZN,65.99,4.37,70.36,2019,6,14,4,Friday
912,2019-06-19,Computer,New,Amazon,249.99,167.99,1,2019-06-19,AMZN,167.99,11.13,179.12,2019,6,19,2,Wednesday
913,2019-06-21,Electronics,New,Amazon,10.99,8.99,1,2019-06-22,UPS,8.99,0.6,9.59,2019,6,21,4,Friday
914,2019-06-21,Computer,New,Amazon,22.99,16.9,1,2019-06-22,UPS,16.9,1.12,18.02,2019,6,21,4,Friday
915,2019-06-21,Office,New,Third Party,14.99,14.99,1,2019-06-22,UPS,14.99,0.99,15.98,2019,6,21,4,Friday
916,2019-07-05,Other,New,Third Party,49.95,49.95,1,2019-07-06,AMZN,49.95,3.31,53.26,2019,7,5,4,Friday
917,2019-07-09,Other,New,Amazon,14.99,12.99,1,2019-07-10,AMZN,12.99,0.86,13.85,2019,7,9,1,Tuesday
918,2019-07-15,Electronics,New,Amazon,899.99,649.99,1,2019-07-15,AMZN,649.99,26.5,676.49,2019,7,15,0,Monday
919,2019-07-19,Computer,New,Amazon,199.99,159.99,1,2019-07-20,AMZN,159.99,10.6,170.59,2019,7,19,4,Friday
920,2019-07-19,Computer,New,Amazon,127.99,127.99,1,2019-07-20,AMZN,127.99,8.48,136.47,2019,7,19,4,Friday
921,2019-07-19,Computer,New,Amazon,45.99,49.99,1,2019-07-20,AMZN,49.99,3.31,53.3,2019,7,19,4,Friday
922,2019-07-24,Electronics,New,Amazon,399.99,129.0,1,2019-07-25,AMZN,129.0,8.55,137.55,2019,7,24,2,Wednesday
923,2019-07-29,Electronics,New,Amazon,25.98,25.98,1,2019-07-30,AMZN,25.98,1.72,27.7,2019,7,29,0,Monday
924,2019-07-30,Health & Beauty,New,Amazon,15.98,12.98,1,2019-07-31,AMZN,12.98,0.6,13.58,2019,7,30,1,Tuesday
925,2019-07-31,Health & Beauty,New,Third Party,79.95,76.46,1,2019-07-31,AMZN,76.46,0.0,76.46,2019,7,31,2,Wednesday
926,2019-07-31,Home,New,Third Party,57.99,24.99,1,2019-07-31,AMZN,24.99,1.66,26.65,2019,7,31,2,Wednesday
927,2019-07-31,Other,New,Amazon,11.99,11.99,1,2019-07-31,AMZN,11.99,0.0,11.99,2019,7,31,2,Wednesday
929,2019-08-05,Electronics,New,Amazon,13.99,13.99,1,2019-08-06,AMZN,13.99,0.93,14.92,2019,8,5,0,Monday
930,2019-08-09,Apparel,New,Amazon,17.99,17.98,1,2019-08-10,AMZN,17.98,0.0,17.98,2019,8,9,4,Friday
931,2019-08-09,Electronics,New,Amazon,13.99,13.99,1,2019-08-10,AMZN,13.99,0.93,14.92,2019,8,9,4,Friday
933,2019-08-20,Apparel,New,Amazon,17.99,17.98,1,2019-08-20,AMZN,17.98,0.0,17.98,2019,8,20,1,Tuesday
934,2019-08-21,Health & Beauty,New,Third Party,12.58,6.0,2,2019-08-22,UPS,12.0,0.8,12.8,2019,8,21,2,Wednesday
935,2019-08-22,Health & Beauty,New,Amazon,15.98,12.98,1,2019-08-25,AMZN,12.98,0.73,13.71,2019,8,22,3,Thursday
936,2019-08-23,Electronics,New,Amazon,13.99,13.97,1,2019-08-25,AMZN,13.97,0.93,14.9,2019,8,23,4,Friday
937,2019-09-03,Health & Beauty,New,Amazon,24.99,13.59,1,2019-09-03,UPS,13.59,0.0,13.59,2019,9,3,1,Tuesday
939,2019-09-16,Auto & Tools,New,Amazon,25.76,22.12,1,2019-09-16,USPS,22.12,1.47,23.59,2019,9,16,0,Monday
941,2019-09-19,Apparel,New,Amazon,17.99,17.98,1,2019-09-19,AMZN,17.98,0.0,17.98,2019,9,19,3,Thursday
942,2019-09-19,Home,New,Third Party,57.99,24.99,1,2019-09-19,AMZN,24.99,1.66,26.65,2019,9,19,3,Thursday
944,2019-09-21,Health & Beauty,New,Amazon,11.75,8.35,1,2019-09-22,AMZN,8.35,0.0,8.35,2019,9,21,5,Saturday
945,2019-09-23,Health & Beauty,New,Third Party,79.95,76.46,1,2019-09-24,AMZN,76.46,0.0,76.46,2019,9,23,0,Monday
946,2019-09-27,Computer,New,Amazon,45.99,38.99,1,2019-09-28,AMZN,38.99,2.58,41.57,2019,9,27,4,Friday
948,2019-09-30,Computer,New,Third Party,39.99,16.99,1,2019-09-30,USPS,16.99,1.13,18.12,2019,9,30,0,Monday
949,2019-10-11,Health & Beauty,New,Amazon,9.88,9.88,1,2019-10-11,AMZN,9.88,0.0,9.88,2019,10,11,4,Friday
950,2019-10-11,Health & Beauty,New,Amazon,10.99,6.74,1,2019-10-11,AMZN,6.74,0.0,6.74,2019,10,11,4,Friday
951,2019-10-18,Health & Beauty,New,Amazon,32.99,19.45,1,2019-10-19,USPS,19.45,0.0,19.45,2019,10,18,4,Friday
952,2019-10-18,Health & Beauty,New,Third Party,38.0,38.0,1,2019-10-19,USPS,38.0,0.0,38.0,2019,10,18,4,Friday
953,2019-10-19,Apparel,New,Amazon,24.99,6.99,2,2019-10-22,AMZN,13.98,0.0,13.98,2019,10,19,5,Saturday
954,2019-11-20,Other,New,Amazon,49.0,41.74,1,2019-11-21,AMZN,41.74,2.77,44.51,2019,11,20,2,Wednesday
955,2019-11-20,Computer,New,Amazon,44.99,24.99,1,2019-11-21,USPS,24.99,1.66,26.65,2019,11,20,2,Wednesday
956,2019-11-21,Computer,New,Amazon,44.99,44.99,1,2019-11-21,UPS,44.99,2.98,47.97,2019,11,21,3,Thursday
957,2019-11-25,Computer,New,Amazon,44.99,21.88,1,2019-11-26,USPS,21.88,1.45,23.33,2019,11,25,0,Monday
958,2019-11-27,Health & Beauty,New,Amazon,24.5,21.24,1,2019-11-27,USPS,21.24,0.0,21.24,2019,11,27,2,Wednesday
964,2019-12-03,Office,New,Third Party,44.99,26.99,1,2019-12-04,USPS,26.99,1.79,28.78,2019,12,3,1,Tuesday
965,2019-12-05,Grocery,New,Amazon,20.99,20.99,1,2019-12-07,AMZN,20.99,0.0,20.99,2019,12,5,3,Thursday
966,2019-12-10,Health & Beauty,New,Amazon,24.99,15.99,1,2019-12-10,USPS,15.99,0.0,15.99,2019,12,10,1,Tuesday
969,2019-12-13,Computer,New,Third Party,39.99,21.99,1,2019-12-13,USPS,21.99,1.46,23.45,2019,12,13,4,Friday
970,2019-12-14,Computer,New,Amazon,44.99,21.88,1,2019-12-15,USPS,21.88,1.45,23.33,2019,12,14,5,Saturday
971,2019-12-18,Other,New,Third Party,19.99,13.99,1,2019-12-19,AMZN,13.99,0.93,14.92,2019,12,18,2,Wednesday
972,2019-12-18,Other,New,Third Party,27.0,12.99,1,2019-12-19,AMZN,12.99,0.86,13.85,2019,12,18,2,Wednesday
973,2019-12-19,Other,New,Amazon,50.0,200.0,1,2019-12-19,Other,200.0,0.0,200.0,2019,12,19,3,Thursday
974,2019-12-24,Health & Beauty,New,Amazon,24.99,13.59,2,2019-12-26,AMZN,27.18,0.0,27.18,2019,12,24,1,Tuesday
